t_host_mono_ns,channel,can_id,dlc,data_hex
195881236278800,0,17,8,0100330711000000
195881345898600,0,17,8,0100330801000000
195881455066500,0,17,8,0100330900000000
195881563836400,0,17,8,0100330a01000000
195881672888600,0,17,8,0100330d00000000
195881782835900,0,17,8,0100330e36333137
195881892614000,0,17,8,0100330f00000000
195882001113900,0,17,8,0100331015000000
195882109221600,0,17,8,0100332309000000
195882219826700,0,17,8,0100332433000000
195882327759100,0,17,8,0100330000007041
195882436585100,0,17,8,0100330100000000
195882545881600,0,17,8,010033020000c842
195882653604400,0,17,8,01003303cdcc4c3f
195882763102100,0,17,8,0100330600001644
195882873743900,0,17,8,0100330bb3394c3a
195882982644500,0,17,8,0100330cb3620039
195883091899800,0,17,8,01003311a81ed93e
195883201435100,0,17,8,0100331272835939
195883309594400,0,17,8,01003313d5c5b33b
195883419820100,0,17,8,010033140000c040
195883530652000,0,17,8,0100331500004841
195883639300600,0,17,8,0100331600003442
195883747633700,0,17,8,010033170000a041
195883856787000,0,17,8,0100331800007a44
195883966127200,0,17,8,01003319d044583b
195884075910000,0,17,8,0100331a6f12033b
195884185226900,0,17,8,0100331b00005842
195884293530900,0,17,8,0100331c00000000
195884401961500,0,17,8,0100331d00005842
195884511778000,0,17,8,0100331e0000803f
195884621222700,0,17,8,0100331f00008040
195884729920900,0,17,8,0100332000002042
195884839880200,0,17,8,0100332100401c45
195884950462200,0,17,8,010033220000c842
195885062797200,0,18,8,0200330712000000
195885169014200,0,18,8,0200330802000000
195885278725600,0,18,8,0200330900000000
195885388845300,0,18,8,0200330a01000000
195885496937300,0,18,8,0200330d00000000
195885604083400,0,18,8,0200330e36333137
195885715884400,0,18,8,0200330f00000000
195885823641200,0,18,8,0200331015000000
195885933903300,0,18,8,0200332309000000
195886044238500,0,18,8,0200332433000000
195886154663200,0,18,8,0200330000007041
195886264661100,0,18,8,0200330100000000
195886373581400,0,18,8,020033020000c842
195886482618300,0,18,8,02003303cdcc4c3f
195886591884300,0,18,8,0200330600001644
195886701738500,0,18,8,0200330b00cf733a
195886813161400,0,18,8,0200330ce6c8fd38
195886920838000,0,18,8,02003311e2c9ce3e
195887030329900,0,18,8,0200331280145539
195887139621800,0,18,8,02003313e202b33b
195887249081400,0,18,8,020033140000c040
195887357996800,0,18,8,0200331500004841
195887466066000,0,18,8,0200331600003442
195887574881200,0,18,8,020033170000a041
195887684710800,0,18,8,0200331800007a44
195887794276500,0,18,8,02003319d044583b
195887903576900,0,18,8,0200331a6f12033b
195888012941900,0,18,8,0200331b00005842
195888122655700,0,18,8,0200331c00000000
195888232387200,0,18,8,0200331d00005842
195888342173300,0,18,8,0200331e0000803f
195888451874000,0,18,8,0200331f00008040
195888561064100,0,18,8,0200332000002042
195888671577800,0,18,8,0200332100401c45
195888781372800,0,18,8,020033220000c842
195888891887300,1,19,8,0300330713000000
195889001790000,1,19,8,0300330803000000
195889111593500,1,19,8,0300330900000000
195889220854700,1,19,8,0300330a01000000
195889329448100,1,19,8,0300330d00000000
195889438495600,1,19,8,0300330e36333137
195889547999800,1,19,8,0300330f00000000
195889658529600,1,19,8,0300331015000000
195889768802700,1,19,8,0300332309000000
195889877662800,1,19,8,0300332433000000
195889986224600,1,19,8,0300330000007041
195890094363800,1,19,8,0300330100000000
195890203560200,1,19,8,030033020000c842
195890311921200,1,19,8,03003303cdcc4c3f
195890419822200,1,19,8,0300330600001644
195890528538800,1,19,8,0300330bac430c3a
195890638231400,1,19,8,0300330c571af638
195890749389800,1,19,8,03003311f9bbdf3e
195890857922200,1,19,8,0300331247f95f39
195890966367600,1,19,8,030033131b64b33b
195891073932300,1,19,8,030033140000c040
195891182796600,1,19,8,0300331500004841
195891294629300,1,19,8,0300331600003442
195891402494900,1,19,8,030033170000a041
195891511184800,1,19,8,0300331800007a44
195891621725900,1,19,8,03003319d044583b
195891731177900,1,19,8,0300331a6f12033b
195891841196200,1,19,8,0300331b00005842
195891950325900,1,19,8,0300331c00000000
195892060028400,1,19,8,0300331d00005842
195892170003500,1,19,8,0300331e0000803f
195892279129800,1,19,8,0300331f00008040
195892389029000,1,19,8,0300332000002042
195892497135900,1,19,8,0300332100401c45
195892607866100,1,19,8,030033220000c842
195892717961500,1,20,8,0400330714000000
195892827911000,1,20,8,0400330804000000
195892937679500,1,20,8,0400330900000000
195893048697200,1,20,8,0400330a01000000
195893156768500,1,20,8,0400330d00000000
195893267377900,1,20,8,0400330e36333137
195893375905800,1,20,8,0400330f00000000
195893484976100,1,20,8,0400331015000000
195893594683800,1,20,8,0400332309000000
195893704719500,1,20,8,0400332433000000
195893813886400,1,20,8,0400330000007041
195893922121700,1,20,8,0400330100000000
195894030011400,1,20,8,040033020000c842
195894138483000,1,20,8,04003303cdcc4c3f
195894247358600,1,20,8,0400330600001644
195894354729100,1,20,8,0400330b9f30553a
195894462590700,1,20,8,0400330c4612fc38
195894570781200,1,20,8,040033114a28d53e
195894680166100,1,20,8,040033126d5d5439
195894787979100,1,20,8,040033137fbeb13b
195894898802800,1,20,8,040033140000c040
195895008919000,1,20,8,0400331500004841
195895117709000,1,20,8,0400331600003442
195895227292600,1,20,8,040033170000a041
195895335289100,1,20,8,0400331800007a44
195895444806000,1,20,8,04003319d044583b
195895554282600,1,20,8,0400331a6f12033b
195895663110600,1,20,8,0400331b00005842
195895770909500,1,20,8,0400331c00000000
195895880945400,1,20,8,0400331d00005842
195895990115000,1,20,8,0400331e0000803f
195896099254800,1,20,8,0400331f00008040
195896207297300,1,20,8,0400332000002042
195896331005500,1,20,8,0400332100401c45
195896438516300,1,20,8,040033220000c842
195896548707700,0,21,8,0500330715000000
195896657274500,0,21,8,0500330805000000
195896767054000,0,21,8,0500330900000000
195896875257800,0,21,8,0500330a01000000
195896984511900,0,21,8,0500330d00000000
195897092813800,0,21,8,0500330e36333137
195897201780900,0,21,8,0500330f00000000
195897311714500,0,21,8,0500331015000000
195897420316600,0,21,8,0500332309000000
195897530161000,0,21,8,0500332433000000
195897639732600,0,21,8,0500330000007041
195897749030700,0,21,8,0500330100000000
195897857592500,0,21,8,050033020000c842
195897967534900,0,21,8,05003303cdcc4c3f
195898075956800,0,21,8,0500330600001644
195898186754800,0,21,8,0500330bac430c3a
195898296178700,0,21,8,0500330c571af638
195898405269700,0,21,8,05003311f9bbdf3e
195898515824600,0,21,8,0500331247f95f39
195898625624300,0,21,8,050033131b64b33b
195898735677600,0,21,8,050033140000c040
195898843236300,0,21,8,0500331500004841
195898954672400,0,21,8,0500331600003442
195899060872300,0,21,8,050033170000a041
195899169392000,0,21,8,0500331800007a44
195899277188100,0,21,8,05003319d044583b
195899385414800,0,21,8,0500331a6f12033b
195899493272400,0,21,8,0500331b00005842
195899601447400,0,21,8,0500331c00000000
195899710413900,0,21,8,0500331d00005842
195899821373400,0,21,8,0500331e0000803f
195899929603100,0,21,8,0500331f00008040
195900039084200,0,21,8,0500332000002042
195900146975400,0,21,8,0500332100401c45
195900255989300,0,21,8,050033220000c842
195900366391300,0,22,8,0600330716000000
195900475648400,0,22,8,0600330806000000
195900584959400,0,22,8,0600330900000000
195900696564600,0,22,8,0600330a01000000
195900805355500,0,22,8,0600330d00000000
195900914365700,0,22,8,0600330e36333137
195901023237200,0,22,8,0600330f00000000
195901134593900,0,22,8,0600331015000000
195901241960300,0,22,8,0600332309000000
195901352493200,0,22,8,0600332434000000
195901460617300,0,22,8,0600330000007041
195901568734200,0,22,8,0600330100000000
195901677381000,0,22,8,060033020000c842
195901787375500,0,22,8,06003303cdcc4c3f
195901896579800,0,22,8,0600330600001644
195902005435200,0,22,8,0600330b5cc2293a
195902116155100,0,22,8,0600330c9632f738
195902224313400,0,22,8,06003311bd18d23e
195902332445800,0,22,8,060033126c754f39
195902442486800,0,22,8,0600331314b5b03b
195902552393700,0,22,8,060033140000c040
195902663795200,0,22,8,0600331500004841
195902771396000,0,22,8,0600331600003442
195902879413800,0,22,8,060033170000a041
195902988145700,0,22,8,0600331800007a44
195903097927800,0,22,8,06003319d044583b
195903207179000,0,22,8,0600331a6f12033b
195903316059000,0,22,8,0600331b00005842
195903425645900,0,22,8,0600331c00000000
195903537603800,0,22,8,0600331d00005842
195903644943700,0,22,8,0600331e0000803f
195903754421200,0,22,8,0600331f00008040
195903865396300,0,22,8,0600332000002042
195903973690400,0,22,8,0600332100401c45
195904082435700,0,22,8,060033220000c842
195904191616000,1,23,8,0700330717000000
195904302938000,1,23,8,0700330807000000
195904413048300,1,23,8,0700330900000000
195904523653600,1,23,8,0700330a01000000
195904632620200,1,23,8,0700330d00000000
195904743459400,1,23,8,0700330e36333137
195904853827800,1,23,8,0700330f00000000
195904961156600,1,23,8,0700331015000000
195905071618400,1,23,8,0700332309000000
195905182542100,1,23,8,0700332434000000
195905291055300,1,23,8,0700330000007041
195905400342700,1,23,8,0700330100000000
195905510766200,1,23,8,070033020000c842
195905620080500,1,23,8,07003303cdcc4c3f
195905728616400,1,23,8,0700330600001644
195905837339300,1,23,8,0700330b379a8e3a
195905946003400,1,23,8,0700330c7e1f0539
195906052885800,1,23,8,070033110e10d43e
195906162574100,1,23,8,070033129e405339
195906272696600,1,23,8,07003313af98b23b
195906383570100,1,23,8,070033140000c040
195906492090400,1,23,8,0700331500004841
195906600158500,1,23,8,0700331600003442
195906709073900,1,23,8,070033170000a041
195906819602700,1,23,8,0700331800007a44
195906929005900,1,23,8,07003319d044583b
195907038235100,1,23,8,0700331a6f12033b
195907147253000,1,23,8,0700331b00005842
195907256377100,1,23,8,0700331c00000000
195907363888800,1,23,8,0700331d00005842
195907473567300,1,23,8,0700331e0000803f
195907583882100,1,23,8,0700331f00008040
195907694181200,1,23,8,0700332000002042
195907803972300,1,23,8,0700332100401c45
195907915420200,1,23,8,070033220000c842
195908025371000,1,24,8,0800330718000000
195908134380700,1,24,8,0800330808000000
195908247585400,1,24,8,0800330900000000
195908356101200,1,24,8,0800330a01000000
195908465060000,1,24,8,0800330d00000000
195908575807100,1,24,8,0800330e36333137
195908685211400,1,24,8,0800330f00000000
195908796664500,1,24,8,0800331015000000
195908905585900,1,24,8,0800332309000000
195909014650800,1,24,8,0800332434000000
195909125482800,1,24,8,0800330000007041
195909234207100,1,24,8,0800330100000000
195909342978300,1,24,8,080033020000c842
195909453233000,1,24,8,08003303cdcc4c3f
195909561685100,1,24,8,0800330600001644
195909670554600,1,24,8,0800330b059c323a
195909779941900,1,24,8,0800330c8eb6fc38
195909888989000,1,24,8,08003311fef0d33e
195909997588500,1,24,8,0800331240eb5539
195910106110000,1,24,8,08003313bef0b13b
195910215635600,1,24,8,080033140000c040
195910325766300,1,24,8,0800331500004841
195910436077200,1,24,8,0800331600003442
195910547429000,1,24,8,080033170000a041
195910654975300,1,24,8,0800331800007a44
195910764656600,1,24,8,08003319d044583b
195910873926600,1,24,8,0800331a6f12033b
195910982490800,1,24,8,0800331b00005842
195911093337700,1,24,8,0800331c00000000
195911202750100,1,24,8,0800331d00005842
195911312357300,1,24,8,0800331e0000803f
195911421217900,1,24,8,0800331f00008040
195911529918700,1,24,8,0800332000002042
195911639300100,1,24,8,0800332100401c45
195911748156500,1,24,8,080033220000c842
195911872222400,0,17,8,017fde7ff8011917
195911872336500,0,17,8,017fdd7ff8001917
195911994472300,0,17,8,017fdd7ff8001917
195911994590600,0,17,8,017fdd7ff8001917
195911994614200,0,17,8,017fde8008001917
195912120760100,0,17,8,017fde7ff8001917
195912120856300,0,17,8,017fde7ff8001917
195912120886100,0,17,8,017fde8008001917
195912247000900,0,17,8,017fde7ff8001917
195912247113100,0,17,8,017fdd7ff8001917
195912247152900,0,17,8,017fdd7ff8001917
195912373020900,0,17,8,017fde7ff7ff1917
195912373075400,0,17,8,017fde7ff7ff1917
195912373093000,0,17,8,017fdd7ff8011917
195912498482800,0,17,8,017fdd7fe8001917
195912498575700,0,17,8,017fdd7ff8001917
195912622801700,0,17,8,017fde8008001917
195912622941500,0,17,8,017fde8008001917
195912622992100,0,17,8,017fdd7ff8001917
195912749403700,0,17,8,017fde7ff8001917
195912749495100,0,17,8,017fde7ff8001917
195912749516100,0,17,8,017fdd7ff7ff1917
195912874392000,0,17,8,017fdd7ff8001917
195912874514700,0,17,8,017fde8008001917
195912999423600,0,17,8,017fdd7ff8001917
195912999536700,0,17,8,017fde7ff8001917
195912999574300,0,17,8,017fdd7ff8001917
195913124122800,0,17,8,017fde7ff7ff1917
195913124234400,0,17,8,017fde7ff7ff1917
195913124272900,0,17,8,017fdd7ff8001917
195913251272600,0,17,8,017fde7ff8001917
195913251341000,0,17,8,017fde7ff8001917
195913251360000,0,17,8,017fdd7ff7ff1917
195913374059200,0,17,8,017fdd7fe8001917
195913374159600,0,17,8,017fdd7ff8001917
195913502283400,0,17,8,017fdd7ff8001917
195913502338000,0,17,8,017fde7ff8001917
195913502397900,0,17,8,017fdd7ff8001917
195913625107700,0,17,8,017fdd7ff8001917
195913625162000,0,17,8,017fde7ff8001917
195913752096600,0,17,8,017fdd7ff8001917
195913752187800,0,17,8,017fdd7ff8001917
195913877392100,0,17,8,017fde7ff8001917
195913877490900,0,17,8,017fde7ff8001917
195913877532700,0,17,8,017fdd7ff8001917
195914000715400,0,17,8,017fde7ff8001917
195914000789500,0,17,8,017fde7ff8001917
195914000809100,0,17,8,017fdd7ff8001917
195914126869600,0,17,8,017fdd7ff8001917
195914126971600,0,17,8,017fde8007ff1917
195914251415200,0,17,8,017fde7ff8001917
195914251528300,0,17,8,017fde7ff8001917
195914251567900,0,17,8,017fde8008001917
195914378275900,0,17,8,017fdd7fe8001917
195914378431500,0,17,8,017fdd7ff8001917
195914378472100,0,17,8,017fdd7ff7ff1917
195914505843400,0,17,8,017fdd7fe8001917
195914505910500,0,17,8,017fdd7fe8001917
195914505932800,0,17,8,017fdd7ff8001917
195914630949300,0,17,8,017fde7ff8001917
195914631010500,0,18,8,0281c87ff8011917
195914758295300,0,18,8,0281c87ff8001917
195914758363000,0,18,8,0281c87fe8001917
195914883390700,0,18,8,0281c87ff8001917
195914883437600,0,18,8,0281c87fe8011917
195915009777700,0,18,8,0281c87fe8001917
195915009843300,0,18,8,0281c88008001917
195915136375900,0,18,8,0281c87ff8001917
195915136496600,0,18,8,0281c87ff8001917
195915262755600,0,18,8,0281c87fe8001917
195915262820500,0,18,8,0281c88008001917
195915262842300,0,18,8,0281c87ff7ff1917
195915388111200,0,18,8,0281c87fe8001917
195915388164900,0,18,8,0281c87ff8001917
195915512918000,0,18,8,0281c87ff8001917
195915513080500,0,18,8,0281c87ff8011917
195915639028900,0,18,8,0281c87fe8001917
195915639117400,0,18,8,0281c87fe8001917
195915766932600,0,18,8,0281c87ff8001917
195915766987100,0,18,8,0281c87ff8001917
195915767005400,0,18,8,0281c88008001917
195915888399200,0,18,8,0281c87ff8001917
195915888508400,0,18,8,0281c87ff7ff1917
195916015197400,0,18,8,0281c87ff8011917
195916015435400,0,18,8,0281c87ff8011917
195916015480500,0,18,8,0281c87fe8001917
195916140153100,0,18,8,0281c87fe8001917
195916140206000,0,18,8,0281c87fe8001917
195916140224200,0,18,8,0281c87ff7ff1917
195916265843200,0,18,8,0281c88008001917
195916265909700,0,18,8,0281c87ff8001917
195916389674300,0,18,8,0281c87fe8001917
195916389779600,0,18,8,0281c88008001917
195916514542300,0,18,8,0281c88008001917
195916514604100,0,18,8,0281c87fe8011917
195916514625200,0,18,8,0281c87ff8011917
195916640218900,0,18,8,0281c87fe8011917
195916640319400,0,18,8,0281c87fe8001917
195916764193300,0,18,8,0281c88007ff1917
195916764297400,0,18,8,0281c88007ff1917
195916764324100,0,18,8,0281c87ff7ff1917
195916889852900,0,18,8,0281c87fe7ff1917
195916889950800,0,18,8,0281c87fe7ff1917
195916889989800,0,18,8,0281c87ff8011917
195917018159100,0,18,8,0281c87ff8001917
195917018279200,0,18,8,0281c87ff8001917
195917018319600,0,18,8,0281c87ff8001917
195917145540000,0,18,8,0281c87ff8001917
195917145603500,0,18,8,0281c87ff8001917
195917145623200,0,18,8,0281c87ff8011917
195917271838900,0,18,8,0281c87ff8001917
195917271956500,0,18,8,0281c87fe8001917
195917398565600,0,18,8,0281c87fe8011917
195917398623500,0,18,8,0281c87fe8011917
195917398647800,0,18,8,0281c87ff8001917
195917523377700,0,18,8,0281c87fe8011917
195917523496400,0,18,8,0281c87ff8001917
195917648209300,0,18,8,0281c87ff8001917
195917648323000,0,18,8,0281c87ff8001917
195917648349600,0,18,8,0281c87ff8011917
195917772867000,1,19,8,03804b7ff7ff1917
195917772994200,1,19,8,03804b7ff8001917
195917899120500,1,19,8,03804b7ff7ff1917
195917899229300,1,19,8,03804b7ff7ff1917
195917899264700,1,19,8,03804b7ff7ff1917
195918024961300,1,19,8,03804b7ff8001917
195918025064900,1,19,8,03804b7ff8001917
195918025108200,1,19,8,03804a7ff7ff1917
195918150834500,1,19,8,03804b7ff8001917
195918150944800,1,19,8,03804b7ff8001917
195918150989300,1,19,8,03804b7ff8001917
195918276102600,1,19,8,03804b7ff8001917
195918276210000,1,19,8,03804b7ff8001917
195918276255200,1,19,8,03804b7ff8001917
195918401580800,1,19,8,03804b7ff8001917
195918401636400,1,19,8,03804b7ff8001917
195918401659300,1,19,8,03804b7fe7ff1917
195918527091800,1,19,8,03804b7ff7ff1917
195918527197100,1,19,8,03804b8008001917
195918653797700,1,19,8,03804b7ff7ff1917
195918653919500,1,19,8,03804b7ff7ff1917
195918653962400,1,19,8,03804b7ff7ff1917
195918779365600,1,19,8,03804b7ff7ff1917
195918779485400,1,19,8,03804b7ff7ff1917
195918779514000,1,19,8,03804b7ff7ff1917
195918904760600,1,19,8,03804b7ff7ff1917
195918904871100,1,19,8,03804b7ff7ff1917
195918904911800,1,19,8,03804b7fe7ff1917
195919030921000,1,19,8,03804b7ff7ff1917
195919030988100,1,19,8,03804b7ff7ff1917
195919031006700,1,19,8,03804b7ff8001917
195919154977200,1,19,8,03804b7ff7ff1917
195919155076700,1,19,8,03804b8008001917
195919280562100,1,19,8,03804b7ff8001917
195919280655700,1,19,8,03804b7ff8001917
195919280694400,1,19,8,03804b7fe7ff1917
195919405306700,1,19,8,03804b7ff8001917
195919405431600,1,19,8,03804b7ff8001917
195919405454900,1,19,8,03804b7ff8001917
195919530985000,1,19,8,03804b7ff7ff1917
195919531089700,1,19,8,03804b7ff7ff1917
195919531164300,1,19,8,03804b8007ff1917
195919657214200,1,19,8,03804b8007ff1917
195919657270000,1,19,8,03804b7ff7ff1917
195919657398500,1,19,8,03804b7ff7ff1917
195919783098100,1,19,8,03804b7ff7ff1917
195919783200500,1,19,8,03804b7ff7ff1917
195919783229900,1,19,8,03804b8007ff1917
195919907077100,1,19,8,03804b7ff7ff1917
195919907118700,1,19,8,03804b7ff7ff1917
195919907132200,1,19,8,03804b7fe7ff1917
195920032933000,1,19,8,03804b7ff8001917
195920033041900,1,19,8,03804b7fe7ff1917
195920160400100,1,19,8,03804b7ff7ff1917
195920160483500,1,19,8,03804b7ff7ff1917
195920160509500,1,19,8,03804b8007ff1917
195920286980300,1,19,8,03804b7ff7ff1917
195920287066100,1,19,8,03804b7ff7ff1917
195920287091000,1,19,8,03804a7fe7ff1917
195920414351200,1,19,8,03804b7ff7ff1917
195920429609700,1,20,8,047e567ff7ff1918
195920429730600,1,20,8,047e567fe7ff1918
195920554912600,1,20,8,047e567ff7ff1918
195920555001000,1,20,8,047e567ff7ff1918
195920555009600,1,20,8,047e567ff7ff1918
195920681873900,1,20,8,047e567ff7ff1918
195920681946000,1,20,8,047e567ff7ff1918
195920808019200,1,20,8,047e567ff7ff1918
195920808083200,1,20,8,047e567ff7ff1918
195920934102500,1,20,8,047e567ff7ff1918
195920934162300,1,20,8,047e567fe7ff1918
195921059007300,1,20,8,047e568007ff1918
195921059106200,1,20,8,047e567fe7ff1918
195921184292200,1,20,8,047e567ff7ff1918
195921184392700,1,20,8,047e567ff7ff1918
195921184421700,1,20,8,047e567ff8001918
195921309603000,1,20,8,047e567ff7ff1918
195921309664700,1,20,8,047e567ff7ff1918
195921309683100,1,20,8,047e568007ff1918
195921436183800,1,20,8,047e567fe7ff1918
195921436437100,1,20,8,047e568008001918
195921562062000,1,20,8,047e567ff7ff1918
195921562119900,1,20,8,047e567ff7ff1918
195921562138400,1,20,8,047e567fe7ff1918
195921687062900,1,20,8,047e567ff7ff1918
195921687160500,1,20,8,047e567ff7ff1918
195921812615000,1,20,8,047e567ff7fe1918
195921812730100,1,20,8,047e567ff7fe1918
195921812761800,1,20,8,047e567ff7ff1918
195921938847000,1,20,8,047e567fe7ff1918
195921938964900,1,20,8,047e567ff7ff1918
195921938996800,1,20,8,047e567fe8001918
195922063605500,1,20,8,047e567fe7ff1918
195922063724600,1,20,8,047e567fe7ff1918
195922063755000,1,20,8,047e567ff7ff1918
195922190464700,1,20,8,047e567ff8001918
195922190529700,1,20,8,047e567fe7ff1918
195922190550800,1,20,8,047e567fe7ff1918
195922315093100,1,20,8,047e567ff7ff1918
195922315207000,1,20,8,047e567ff7ff1918
195922441614600,1,20,8,047e568007ff1918
195922441676500,1,20,8,047e568007ff1918
195922441787500,1,20,8,047e567ff7ff1918
195922567387200,1,20,8,047e567ff7ff1918
195922567452300,1,20,8,047e567ff7ff1918
195922567471100,1,20,8,047e567fe7ff1918
195922694546500,1,20,8,047e567ff7ff1918
195922694658700,1,20,8,047e567ff7ff1918
195922820637000,1,20,8,047e567ff7ff1918
195922820732300,1,20,8,047e567fe7ff1918
195922820761000,1,20,8,047e567ff7ff1918
195922944941900,1,20,8,047e567ff7ff1918
195922945107700,1,20,8,047e567ff7ff1918
195922945190700,1,20,8,047e567fe7ff1918
195923070853800,1,20,8,047e567fe7ff1918
195923070943300,1,20,8,047e567fe7ff1918
195923071020400,1,20,8,047e567ff7ff1918
195923196972800,1,20,8,047e567ff7ff1918
195923197079300,1,20,8,047e567fe7ff1918
195923322708300,1,20,8,047e567ff7ff1918
195923322768200,0,21,8,057f038007ff1917
195923322791600,0,21,8,057f037ff8001917
195923449064600,0,21,8,057f037fe8001917
195923449133200,0,21,8,057f037ff8001917
195923573465200,0,21,8,057f037ff8001917
195923573534700,0,21,8,057f037ff7ff1917
195923698192800,0,21,8,057f038008001917
195923698251000,0,21,8,057f038007ff1917
195923823141800,0,21,8,057f037fe8001917
195923823237600,0,21,8,057f037ff8001917
195923948469900,0,21,8,057f037fe8001917
195923948570800,0,21,8,057f037fe8001917
195923948593700,0,21,8,057f037ff8001917
195924073837700,0,21,8,057f037ff8001917
195924073901400,0,21,8,057f037ff8001917
195924073923600,0,21,8,057f037fe8001917
195924200510500,0,21,8,057f038008001917
195924200561700,0,21,8,057f037ff8001917
195924325886400,0,21,8,057f037ff8001917
195924326008700,0,21,8,057f037ff8001917
195924452736000,0,21,8,057f038008001917
195924452866400,0,21,8,057f038008001917
195924452899400,0,21,8,057f038008001917
195924577405600,0,21,8,057f038007ff1917
195924577523600,0,21,8,057f037ff7ff1917
195924577567700,0,21,8,057f037fe7ff1917
195924702808200,0,21,8,057f038008001917
195924702862200,0,21,8,057f038008001917
195924702887500,0,21,8,057f037ff8001917
195924827232600,0,21,8,057f037ff7ff1917
195924827295200,0,21,8,057f037ff7ff1917
195924951443600,0,21,8,057f037ff7ff1917
195924951543400,0,21,8,057f037ff8001917
195925077178600,0,21,8,057f037ff7ff1917
195925077264100,0,21,8,057f037ff7ff1917
195925077290900,0,21,8,057f038007ff1917
195925204288600,0,21,8,057f037ff7ff1917
195925204346600,0,21,8,057f037ff7ff1917
195925204367800,0,21,8,057f037fe8001917
195925331439300,0,21,8,057f037ff8001917
195925331495900,0,21,8,057f038008001917
195925458181900,0,21,8,057f037ff8001917
195925458360000,0,21,8,057f037ff7ff1917
195925585685000,0,21,8,057f037ff7ff1917
195925585778100,0,21,8,057f037ff7ff1917
195925585833500,0,21,8,057f037fe7ff1917
195925710712700,0,21,8,057f037fe7ff1917
195925710780100,0,21,8,057f037ff7ff1917
195925835834200,0,21,8,057f037fe7ff1917
195925835941900,0,21,8,057f037ff7ff1917
195925963252100,0,21,8,057f037ff7ff1917
195925963311200,0,21,8,057f037ff7ff1917
195925963330200,0,21,8,057f037ff7ff1917
195926089019200,0,21,8,057f037ff7ff1917
195926089137400,0,21,8,057f037ff7ff1917
195926216808900,0,21,8,057f037ff7ff1917
195926216881300,0,21,8,057f037ff7ff1917
195926216902800,0,21,8,057f037ff7ff1917
195926342195000,0,21,8,057f038007ff1917
195926342324500,0,21,8,057f037ff7ff1917
195926466000900,0,22,8,06819d7fe8001917
195926466097600,0,22,8,06819c7fe8001917
195926591922600,0,22,8,06819d7ff7ff1917
195926592051100,0,22,8,06819d7ff7ff1917
195926592084700,0,22,8,06819c7fe7ff1917
195926718617300,0,22,8,06819c7ff7ff1917
195926718734900,0,22,8,06819c7ff7ff1917
195926718781200,0,22,8,06819d7fe7ff1917
195926843237800,0,22,8,06819d7fe7ff1917
195926843343800,0,22,8,06819d7fe7ff1917
195926843371500,0,22,8,06819d7ff7ff1917
195926968639200,0,22,8,06819d7ff8001917
195926968691600,0,22,8,06819c7ff8001917
195926968705100,0,22,8,06819c7ff7ff1917
195927095511500,0,22,8,06819d7ff8001917
195927095570100,0,22,8,06819d7ff8001917
195927220189300,0,22,8,06819c7fe8001917
195927220354700,0,22,8,06819d8007ff1917
195927346557400,0,22,8,06819c7fe7ff1917
195927346669800,0,22,8,06819d7fe7ff1917
195927346700600,0,22,8,06819d7ff7ff1917
195927472797000,0,22,8,06819c7ff7ff1917
195927472897100,0,22,8,06819c7ff7ff1917
195927472925200,0,22,8,06819c7fe7ff1917
195927599040600,0,22,8,06819d7ff7ff1917
195927599153300,0,22,8,06819d8007ff1917
195927599199300,0,22,8,06819d7ff8001917
195927724527100,0,22,8,06819c7ff8001917
195927724640700,0,22,8,06819d7ff8001917
195927724687600,0,22,8,06819c7ff8001917
195927850754400,0,22,8,06819d8008001917
195927850815300,0,22,8,06819d8008001917
195927850833500,0,22,8,06819d7fe8001917
195927975678400,0,22,8,06819d7ff7ff1917
195927975776300,0,22,8,06819d7ff8001917
195928102047900,0,22,8,06819d7ff7ff1917
195928102244200,0,22,8,06819d7ff7ff1917
195928102308000,0,22,8,06819d7ff7ff1917
195928229507700,0,22,8,06819d8008001917
195928229599800,0,22,8,06819d8008001917
195928229627500,0,22,8,06819d7ff8001917
195928355938400,0,22,8,06819d7ff8001917
195928356024700,0,22,8,06819d7ff8001917
195928356050700,0,22,8,06819d7ff7ff1917
195928482206600,0,22,8,06819c7fe7ff1917
195928482257000,0,22,8,06819d7fe7ff1917
195928482266200,0,22,8,06819d7ff7ff1917
195928607390200,0,22,8,06819c7ff7ff1917
195928607580900,0,22,8,06819c7ff8001917
195928734317300,0,22,8,06819c7fe8001917
195928734381300,0,22,8,06819d7ff8001917
195928859945700,0,22,8,06819d7fe7ff1917
195928860031200,0,22,8,06819c7fe7ff1917
195928983456600,0,22,8,06819c7ff8001917
195928983573800,0,22,8,06819d7ff8001917
195929109421500,0,22,8,06819c7fe7ff1917
195929109499400,0,22,8,06819c7fe7ff1917
195929109519800,0,22,8,06819d7ff7ff1917
195929235873400,0,22,8,06819d7ff8001917
195929236092700,0,22,8,06819c7ff7ff1917
195929361690200,1,23,8,077fe78008001913
195929361789300,1,23,8,077fe77ff8001913
195929488171400,1,23,8,077fe77ff8011913
195929488238200,1,23,8,077fe67ff8011913
195929488257000,1,23,8,077fe78008011913
195929615472900,1,23,8,077fe67fd8001913
195929615533400,1,23,8,077fe77ff8001913
195929740111500,1,23,8,077fe67ff8001913
195929740189100,1,23,8,077fe77fd8001913
195929866508600,1,23,8,077fe77ff8001913
195929866621400,1,23,8,077fe77ff8001913
195929992005900,1,23,8,077fe78008001913
195929992062400,1,23,8,077fe77ff8011913
195929992082200,1,23,8,077fe77ff8001913
195930119224300,1,23,8,077fe78018011913
195930119336800,1,23,8,077fe78008001913
195930244719000,1,23,8,077fe78008001913
195930244803700,1,23,8,077fe78008001913
195930244823300,1,23,8,077fe77fe8001913
195930369653400,1,23,8,077fe77ff8001913
195930369865700,1,23,8,077fe67fe8001913
195930496248400,1,23,8,077fe78008001913
195930496341800,1,23,8,077fe77ff8001913
195930496376400,1,23,8,077fe67ff8001913
195930622729600,1,23,8,077fe77ff8001913
195930622838200,1,23,8,077fe77ff8001913
195930622868500,1,23,8,077fe77ff8001913
195930746567100,1,23,8,077fe67ff8001913
195930746661000,1,23,8,077fe77ff8001913
195930746680600,1,23,8,077fe78008011913
195930873293100,1,23,8,077fe67ff8001913
195930873347500,1,23,8,077fe67fe8001913
195930998204100,1,23,8,077fe67ff8001913
195930998294400,1,23,8,077fe77ff8001913
195931123629200,1,23,8,077fe68008001913
195931123741400,1,23,8,077fe78008001913
195931123804100,1,23,8,077fe78008011913
195931249136300,1,23,8,077fe78008001913
195931249254300,1,23,8,077fe78008001913
195931249275200,1,23,8,077fe77ff8001913
195931375501700,1,23,8,077fe77ff8011913
195931375561400,1,23,8,077fe78008011913
195931375585300,1,23,8,077fe67fe8001913
195931501902900,1,23,8,077fe67ff8001913
195931501967200,1,23,8,077fe78008011913
195931629076100,1,23,8,077fe77ff8011913
195931629139800,1,23,8,077fe77ff8011913
195931755230000,1,23,8,077fe78008011913
195931755287300,1,23,8,077fe78008011913
195931882677800,1,23,8,077fe67ff8001913
195931882796100,1,23,8,077fe77ff8001913
195932007779800,1,23,8,077fe77ff8001913
195932007888100,1,23,8,077fe77ff8001913
195932007928600,1,23,8,077fe67ff8001913
195932133397100,1,23,8,077fe77ff8001913
195932133494700,1,23,8,077fe77ff8001913
195932133526900,1,23,8,077fe67ff8011913
195932261193300,1,23,8,077fe67ff8001913
195932261307400,1,23,8,077fe77ff8001913
195932261354200,1,23,8,077fe78008011913
195932388619900,1,24,8,087ffe7ff8001917
195932388686300,1,24,8,087ffe7ff8001917
195932514380400,1,24,8,087ffe8007ff1917
195932514447500,1,24,8,087ffe7ff7ff1917
195932642459000,1,24,8,087ffe7ff8001917
195932642566700,1,24,8,087ffe7ff7ff1917
195932764936200,1,24,8,087ffe7ff7fe1917
195932765000700,1,24,8,087ffe7ff7fe1917
195932765020400,1,24,8,087ffe7ff7fe1917
195932892230100,1,24,8,087ffe7fe7ff1917
195932892342800,1,24,8,087ffe7ff8001917
195933016903700,1,24,8,087ffe7ff7ff1917
195933016978200,1,24,8,087ffe7ff7ff1917
195933017003400,1,24,8,087ffe7ff7ff1917
195933140468800,1,24,8,087ffe7ff8001917
195933140558500,1,24,8,087ffe7ff7ff1917
195933266257400,1,24,8,087ffe7ff8001917
195933266352000,1,24,8,087ffe7ff8001917
195933393313900,1,24,8,087ffe7ff7ff1917
195933393425300,1,24,8,087ffe7ff7ff1917
195933393454800,1,24,8,087ffe7ff8001917
195933519589200,1,24,8,087ffe7ff7ff1917
195933519642800,1,24,8,087ffe7ff7ff1917
195933519781700,1,24,8,087ffe7ff8001917
195933645999000,1,24,8,087ffe7ff7ff1917
195933646140600,1,24,8,087ffe7ff7ff1917
195933646189000,1,24,8,087ffe7ff7ff1917
195933770587900,1,24,8,087ffe7ff7ff1917
195933770714400,1,24,8,087ffe7ff7ff1917
195933770759500,1,24,8,087ffe7ff7ff1917
195933897703300,1,24,8,087ffe7ff7ff1917
195933897810600,1,24,8,087ffe7ff7ff1917
195933897852400,1,24,8,087ffe7ff7ff1917
195934023337400,1,24,8,087ffe7ff8001917
195934023456100,1,24,8,087ffe7ff8001917
195934023499400,1,24,8,087ffe7fe7ff1917
195934149662900,1,24,8,087ffe8007ff1917
195934149735800,1,24,8,087ffe8007ff1917
195934149756600,1,24,8,087ffe7ff8001917
195934274867100,1,24,8,087ffe7ff7fe1917
195934274983600,1,24,8,087ffe7fe8001917
195934401416000,1,24,8,087ffe7ff7ff1917
195934401516300,1,24,8,087ffe7ff7ff1917
195934401543500,1,24,8,087ffe7ff7ff1917
195934526576200,1,24,8,087ffe7ff7ff1917
195934526687000,1,24,8,087ffe7ff7ff1917
195934526730500,1,24,8,087ffe7fe7ff1917
195934653539800,1,24,8,087ffe7ff8001917
195934653659500,1,24,8,087ffe7ff8001917
195934653702000,1,24,8,087ffe7fe7ff1917
195934778461300,1,24,8,087ffe7ff7ff1917
195934778556800,1,24,8,087ffe7ff7ff1917
195934778582400,1,24,8,087ffe8008001917
195934903765200,1,24,8,087ffe7ff7ff1917
195934903856500,1,24,8,087ffe7ff7ff1917
195934903885500,1,24,8,087ffe7ff7ff1917
195935029139500,1,24,8,087ffe7ff8001917
195935029240600,1,24,8,087ffe7ff8001917
195935029266400,1,24,8,087ffe8008001917
195935138429800,1,24,8,087ffe7ff7ff1917
195935138459100,0,17,8,017fdd7fe8001917
195935138471800,0,18,8,0281c87fe8001917
195935138478200,1,19,8,03804b7ff7ff1917
195935138484500,1,20,8,047e567ff7ff1918
195935138491000,0,21,8,057f037fe7ff1917
195935138497000,0,22,8,06819d7ff8001917
195935138503300,1,23,8,077fe67ff8011913
195935138509700,1,24,8,087ffe8007fe1917
195935138515700,0,17,8,017fdd7ff8001917
195935138522600,0,18,8,0281c87ff8001917
195935138528500,1,19,8,03804b7ff8001917
195935138534300,1,20,8,047e567fe7ff1918
195935138540100,0,21,8,057f037ff8001917
195935138546100,0,22,8,06819d8008001917
195935138552000,1,23,8,077fe67ff8001913
195935138557800,1,24,8,087ffe7ff7ff1917
195935138564200,0,17,8,017fdd7ff8001917
195935138570300,0,18,8,0281c87ff8001917
195935138576400,1,19,8,03804b7ff7ff1917
195935138582400,1,20,8,047e567ff8001918
195935138588300,0,21,8,057f037ff8001917
195935138594000,0,22,8,06819c7ff8001917
195935138600100,1,23,8,077fe77ff8011913
195935138606900,1,24,8,087ffe7ff7fe1917
195935138613000,0,17,8,017fdd7ff8001917
195935138618900,0,18,8,0281c88007ff1917
195935138624700,1,19,8,03804b8008001917
195935138630600,1,20,8,047e567ff7ff1918
195935138640400,0,21,8,057f038007ff1917
195935138649400,0,22,8,06819c7ff7ff1917
195935138660800,1,23,8,077fe67ff8011913
195935138670200,1,24,8,087ffe8007ff1917
195935138680800,0,17,8,017fde8008001917
195935138710300,0,18,8,0281c87ff8001917
195935138736000,1,19,8,03804b8008001917
195935138743700,1,20,8,047e567ff8001918
195935138749900,0,21,8,057f037ff7ff1917
195935138755900,0,22,8,06819d8007ff1917
195935138762300,1,23,8,077fe78008001913
195935138768300,1,24,8,087ffe7fe8001917
195935138774100,0,17,8,017fde7ff8001917
195935138780500,0,18,8,0281c87ff8001917
195935138786400,1,19,8,03804b7ff7ff1917
195935138792500,1,20,8,047e567fd7ff1918
195935138798600,0,21,8,057f037ff7ff1917
195935138804700,0,22,8,06819d7ff8001917
195935138812900,1,23,8,077fe67fd8001913
195935138819500,1,24,8,087ffe7ff8001917
195935138826000,0,17,8,017fdd7fe8001917
195935138832000,0,18,8,0281c87ff8001917
195935138838100,1,19,8,03804b7ff7ff1917
195935138843900,1,20,8,047e567ff7ff1918
195935138849700,0,21,8,057f038008001917
195935138855600,0,22,8,06819c7ff8001917
195935138861500,1,23,8,077fe77ff8001913
195935138867400,1,24,8,087ffe7ff8001917
195935138873200,0,17,8,017fde7ff8011917
195935138878900,0,18,8,0281c87ff8001917
195935138884600,1,19,8,03804b7fe8001917
195935138890400,1,20,8,047e567ff8001918
195935138896200,0,21,8,057f037fe7ff1917
195935138902000,0,22,8,06819d7ff8001917
195935138908000,1,23,8,077fe77ff8001913
195935138913700,1,24,8,087ffe7ff7ff1917
195935249806500,0,17,8,017fdd7ff8011917
195935249837500,0,18,8,0281c88008001917
195935249845200,1,19,8,03804b7ff8001917
195935249851700,1,20,8,047e567ff7ff1918
195935249858000,0,21,8,057f037ff7ff1917
195935249864200,0,22,8,06819c7ff7ff1917
195935249870400,1,23,8,077fe67fe8001913
195935249876500,1,24,8,087ffe7ff7ff1917
195935249882900,0,17,8,017fdd8008001917
195935249895900,0,18,8,0281c87fe8001917
195935249904800,1,19,8,03804b7ff8001917
195935249913500,1,20,8,047e568007fe1918
195935249920200,0,21,8,057f037ff7ff1917
195935249926300,0,22,8,06819d7ff7ff1917
195935249934400,1,23,8,077fe77ff8001913
195935249943200,1,24,8,087ffe7ff7ff1917
195935249951800,0,17,8,017fde7ff8001917
195935249960400,0,18,8,0281c87ff7ff1917
195935249969800,1,19,8,03804b7ff8001917
195935250006300,1,20,8,047e567ff7ff1918
195935250042200,0,21,8,057f037ff7ff1917
195935250060000,0,22,8,06819d7ff7ff1917
195935250075900,1,23,8,077fe77ff8001913
195935250090600,1,24,8,087ffe7fe7fe1917
195935250104900,0,17,8,017fde7ff8001917
195935250120200,0,18,8,0281c87ff8001917
195935250134300,1,19,8,03804b7ff8001917
195935250148600,1,20,8,047e567ff7ff1918
195935250162900,0,21,8,057f037ff7ff1917
195935250180000,0,22,8,06819d8007ff1917
195935250194300,1,23,8,077fe77ff8011913
195935250208300,1,24,8,087ffe7ff7fe1917
195935250222400,0,17,8,017fdd7ff7ff1917
195935250236100,0,18,8,0281c87ff8001917
195935250249700,1,19,8,03804b7fe7ff1917
195935250263500,1,20,8,047e567ff7ff1918
195935250277300,0,21,8,057f037ff8001917
195935250294700,0,22,8,06819d8008001917
195935250308600,1,23,8,077fe77ff8001913
195935250322600,1,24,8,087ffe7ff8001917
195935250336300,0,17,8,017fdd7ff8001917
195935250350600,0,18,8,0281c88008001917
195935250364500,1,19,8,03804b7fe8001917
195935250378600,1,20,8,047e567ff8001918
195935250392500,0,21,8,057f037ff7ff1917
195935250406700,0,22,8,06819d7ff7ff1917
195935250421000,1,23,8,077fe77ff8011913
195935250440100,1,24,8,087ffe7ff7ff1917
195935250457700,0,17,8,017fdd7ff7ff1917
195935250472400,0,18,8,0281c87ff8001917
195935250486700,1,19,8,03804b7ff8001917
195935250500800,1,20,8,047e567ff7ff1918
195935250514800,0,21,8,057f037ff7ff1917
195935250528600,0,22,8,06819d8007ff1917
195935250542400,1,23,8,077fe67ff8001913
195935250556500,1,24,8,087ffe7ff7fe1917
195935250570400,0,17,8,017fdd7ff8001917
195935250584500,0,18,8,0281c87ff8001917
195935250598500,1,19,8,03804b7ff8001917
195935250612300,1,20,8,047e567ff8001918
195935250626300,0,21,8,057f037fe8001917
195935250640100,0,22,8,06819d7ff7ff1917
195935250653800,1,23,8,077fe77ff8001913
195935250667800,1,24,8,087ffe8007ff1917
195935359913500,0,17,8,017fdd7ff8011917
195935359956500,0,18,8,0281c87ff8001917
195935359974900,1,19,8,03804a7ff8001917
195935359990900,1,20,8,047e568007ff1918
195935360006800,0,21,8,057f038008001917
195935360021600,0,22,8,06819d7ff8001917
195935360036400,1,23,8,077fe78008011913
195935360050900,1,24,8,087ffe8007fe1917
195935360066500,0,17,8,017fde7ff7ff1917
195935360080900,0,18,8,0281c87ff8001917
195935360094800,1,19,8,03804b7fe8001917
195935360109100,1,20,8,047e567fe7ff1918
195935360123700,0,21,8,057f037ff7ff1917
195935360137900,0,22,8,06819d7fe8001917
195935360152100,1,23,8,077fe77fe8011913
195935360165900,1,24,8,087ffe7ff7ff1917
195935360179800,0,17,8,017fdd7ff8001917
195935360194100,0,18,8,0281c87ff8001917
195935360207800,1,19,8,03804b7ff7ff1917
195935360221800,1,20,8,047e567ff8001918
195935360235600,0,21,8,057f037fe8001917
195935360249500,0,22,8,06819d7fe7ff1917
195935360263400,1,23,8,077fe67fe8001913
195935360277200,1,24,8,087ffe8007ff1917
195935360291400,0,17,8,017fdd8008001917
195935360305300,0,18,8,0281c87fe8011917
195935360319300,1,19,8,03804b7fe7ff1917
195935360333300,1,20,8,047e567fe7ff1918
195935360347300,0,21,8,057f037ff8001917
195935360364100,0,22,8,06819c7fe8001917
195935360378300,1,23,8,077fe77ff8011913
195935360392200,1,24,8,087ffe7ff7ff1917
195935360407900,0,17,8,017fdd7ff8001917
195935360422000,0,18,8,0281c87ff8001917
195935360435900,1,19,8,03804b7fe7ff1917
195935360449900,1,20,8,047e568008001918
195935360463600,0,21,8,057f037ff8001917
195935360477500,0,22,8,06819c7ff8001917
195935360577400,1,23,8,077fe78008011913
195935360598800,1,24,8,087ffe7ff7ff1917
195935360617500,0,17,8,017fdd7ff7ff1917
195935360633500,0,18,8,0281c87ff7ff1917
195935360648800,1,19,8,03804b7ff8001917
195935360663600,1,20,8,047e567fe7ff1918
195935360678300,0,21,8,057f037ff8001917
195935360779000,0,22,8,06819d7ff7ff1917
195935360826000,1,23,8,077fe77ff8011913
195935360869700,1,24,8,087ffe7fe7ff1917
195935360942400,0,17,8,017fde8007ff1917
195935361033800,0,18,8,0281c87ff8001917
195935361067300,1,19,8,03804b7ff8001917
195935361086800,1,20,8,047e567ff7ff1918
195935361104800,0,21,8,057f037ff7ff1917
195935361122400,0,22,8,06819d7ff8001917
195935361140200,1,23,8,077fe67fe8011913
195935361156900,1,24,8,087ffe8007fe1917
195935361175100,0,17,8,017fdd7ff8001917
195935361192900,0,18,8,0281c87ff8001917
195935361210500,1,19,8,03804b7ff8001917
195935361227800,1,20,8,047e567ff8001918
195935361245600,0,21,8,057f038008001917
195935361262900,0,22,8,06819d8008001917
195935361279900,1,23,8,077fe78008001913
195935361297900,1,24,8,087ffe7ff7fe1917
195935361314100,0,17,8,017fdd7ff7ff1917
195935361331400,0,18,8,0281c87ff8001917
195935361356900,1,19,8,03804b7ff7ff1917
195935471886300,1,20,8,047e567ff8001918
195935471915500,0,21,8,057f037ff7ff1917
195935471927300,0,22,8,06819d7ff7ff1917
195935471937100,1,23,8,077fe78008001913
195935471946400,1,24,8,087ffe8008001917
195935471955800,0,17,8,017fde8008001917
195935471965800,0,18,8,0281c87ff7ff1917
195935471974800,1,19,8,03804b7fe8001917
195935471985300,1,20,8,047e567ff7ff1918
195935471994800,0,21,8,057f037ff7ff1917
195935472004400,0,22,8,06819d7fe7ff1917
195935472013700,1,23,8,077fe77ff8001913
195935472048300,1,24,8,087ffe7ff7fe1917
195935472083700,0,17,8,017fde7ff7ff1917
195935472101700,0,18,8,0281c87ff8001917
195935472116800,1,19,8,03804b7ff8011917
195935472131500,1,20,8,047e567ff8001918
195935472145600,0,21,8,057f037ff7ff1917
195935472166400,0,22,8,06819d7ff7ff1917
195935472181200,1,23,8,077fe67ff8001913
195935472195700,1,24,8,087ffe7ff7fe1917
195935472209700,0,17,8,017fdd7ff8001917
195935472224000,0,18,8,0281c87fe8001917
195935472238000,1,19,8,03804b7fe7ff1917
195935472252100,1,20,8,047e567ff7ff1918
195935472266100,0,21,8,057f037fe7ff1917
195935472281900,0,22,8,06819d7ff8001917
195935472295700,1,23,8,077fe78008001913
195935472309500,1,24,8,087ffe7ff7ff1917
195935472323300,0,17,8,017fdd7ff8001917
195935472337400,0,18,8,0281c87ff8001917
195935472351800,1,19,8,03804b7fe8001917
195935472366500,1,20,8,047e567ff7ff1918
195935472380800,0,21,8,057f038007ff1917
195935472395200,0,22,8,06819d7ff8001917
195935472409600,1,23,8,077fe67fe8001913
195935472423900,1,24,8,087ffe7ff7ff1917
195935472437800,0,17,8,017fde7ff8001917
195935472452100,0,18,8,0281c87ff8001917
195935472466000,1,19,8,03804b8007ff1917
195935472480200,1,20,8,047e567ff7ff1918
195935472494700,0,21,8,057f038008001917
195935472508900,0,22,8,06819d7fe8001917
195935472523100,1,23,8,077fe67ff8001913
195935472537000,1,24,8,087ffe7ff7ff1917
195935472551100,0,17,8,017fdd7ff7ff1917
195935472565400,0,18,8,0281c88007ff1917
195935472580000,1,19,8,03804b7ff8001917
195935472594000,1,20,8,047e567ff8001918
195935472608100,0,21,8,057f037ff8001917
195935472622100,0,22,8,06819d7ff8001917
195935472635900,1,23,8,077fe68008011913
195935472650100,1,24,8,087ffe7ff7ff1917
195935472664000,0,17,8,017fdd7ff8001917
195935472678400,0,18,8,0281c87fe8001917
195935472692300,1,19,8,03804b7ff7ff1917
195935472706300,1,20,8,047e568008001918
195935472720400,0,21,8,057f038007ff1917
195935472735300,0,22,8,06819d7ff7ff1917
195935472750100,1,23,8,077fe77fe8011913
195935472764400,1,24,8,087ffe7ff7ff1917
195935472778800,0,17,8,017fde8008001917
195935472799200,0,18,8,0281c87ff8001917
195935472813600,1,19,8,03804b7fe7ff1917
195935472827600,1,20,8,047e567fe7ff1918
195935582520100,0,21,8,057f037fe8011917
195935582557100,0,22,8,06819d7ff7ff1917
195935582564800,1,23,8,077fe77ff8011913
195935582571600,1,24,8,087ffe7ff7ff1917
195935582579100,0,17,8,017fdd7ff8001917
195935582585600,0,18,8,0281c87fe8001917
195935582591800,1,19,8,03804b8007ff1917
195935582598600,1,20,8,047e568008001918
195935582605400,0,21,8,057f037ff8001917
195935582611700,0,22,8,06819d7fe7ff1917
195935582617600,1,23,8,077fe67fd8011913
195935582623700,1,24,8,087ffe7ff7ff1917
195935582629500,0,17,8,017fde7ff7ff1917
195935582635700,0,18,8,0281c87ff8011917
195935582645100,1,19,8,03804b7ff8001917
195935582651600,1,20,8,047e567ff7ff1918
195935582662600,0,21,8,057f037fe8001917
195935582671400,0,22,8,06819d7ff7ff1917
195935582678000,1,23,8,077fe67ff8001913
195935582684200,1,24,8,087ffe7ff7ff1917
195935582690100,0,17,8,017fdd7ff7ff1917
195935582695800,0,18,8,0281c87ff8001917
195935582701500,1,19,8,03804b8008001917
195935582707700,1,20,8,047e567ff8001918
195935582713600,0,21,8,057f037ff8001917
195935582720900,0,22,8,06819c7ff8001917
195935582727200,1,23,8,077fe77ff7ff1913
195935582733400,1,24,8,087ffe7ff7ff1917
195935582739400,0,17,8,017fdd7ff8001917
195935582745200,0,18,8,0281c87ff8001917
195935582751300,1,19,8,03804b7ff8001917
195935582757000,1,20,8,047e567ff7ff1918
195935582762800,0,21,8,057f037ff8001917
195935582768600,0,22,8,06819c7ff8001917
195935582774700,1,23,8,077fe78008001913
195935582780400,1,24,8,087ffe7ff7ff1917
195935582786600,0,17,8,017fde7ff8001917
195935582792200,0,18,8,0281c87fe8001917
195935582798200,1,19,8,03804b7ff8001917
195935582804000,1,20,8,047e567ff7ff1918
195935582809700,0,21,8,057f037ff7ff1917
195935582815400,0,22,8,06819d8007ff1917
195935582821200,1,23,8,077fe77fe8011913
195935582827000,1,24,8,087ffe7ff7ff1917
195935582832700,0,17,8,017fdd7ff8001917
195935582838300,0,18,8,0281c88008011917
195935582844100,1,19,8,03804b7ff8001917
195935582849800,1,20,8,047e567ff7ff1918
195935582855400,0,21,8,057f037ff8001917
195935582865500,0,22,8,06819d7ff8001917
195935582871200,1,23,8,077fe78008001913
195935582877200,1,24,8,087ffe7fe7ff1917
195935582883300,0,17,8,017fdd7fe7ff1917
195935582889000,0,18,8,0281c87ff8011917
195935582894800,1,19,8,03804b8008001917
195935582900600,1,20,8,047e567ff8001918
195935582906500,0,21,8,057f038008001917
195935582912500,0,22,8,06819c7ff7ff1917
195935582918300,1,23,8,077fe78008001913
195935582924100,1,24,8,087ffe7ff7fe1917
195935582929800,0,17,8,017fdd7ff8001917
195935582935800,0,18,8,0281c87ff8001917
195935582941600,1,19,8,03804b7ff7ff1917
195935693258200,1,20,8,047e567ff7ff1918
195935693306700,0,21,8,057f037ff8001917
195935693325900,0,22,8,06819c7ff8001917
195935693341700,1,23,8,077fe78008001913
195935693357300,1,24,8,087ffe7ff7ff1917
195935693372300,0,17,8,017fdd7ff8001917
195935693388900,0,18,8,0281c87fe7ff1917
195935693404300,1,19,8,03804b8008001917
195935693419000,1,20,8,047e567ff7ff1918
195935693434000,0,21,8,057f037fe8001917
195935693448300,0,22,8,06819d7ff7ff1917
195935693462800,1,23,8,077fe77ff8001913
195935693476900,1,24,8,087ffe7ff7ff1917
195935693491200,0,17,8,017fdd7ff8001917
195935693505400,0,18,8,0281c87fe8001917
195935693519400,1,19,8,03804b7ff7ff1917
195935693533300,1,20,8,047e567ff7ff1918
195935693547500,0,21,8,057f037ff8001917
195935693566300,0,22,8,06819d7ff8001917
195935693580400,1,23,8,077fe77fe8011913
195935693594000,1,24,8,087ffe7ff7ff1917
195935693607900,0,17,8,017fdd7ff7ff1917
195935693621900,0,18,8,0281c88008001917
195935693636200,1,19,8,03804b7ff7ff1917
195935693650700,1,20,8,047e567ff7ff1918
195935693664600,0,21,8,057f037fe7ff1917
195935693678200,0,22,8,06819c7ff8001917
195935693692200,1,23,8,077fe77fe8011913
195935693706300,1,24,8,087ffe7fe7ff1917
195935693720600,0,17,8,017fdd7ff8001917
195935693734600,0,18,8,0281c87fe7ff1917
195935693748500,1,19,8,03804b7ff7ff1917
195935693763100,1,20,8,047e567ff7ff1918
195935693777000,0,21,8,057f037ff8001917
195935693790800,0,22,8,06819c8007ff1917
195935693804900,1,23,8,077fe77ff8001913
195935693818800,1,24,8,087ffe7fe7ff1917
195935693832600,0,17,8,017fdd7fe8001917
195935693846600,0,18,8,0281c87ff8001917
195935693868000,1,19,8,03804b7ff8001917
195935693882900,1,20,8,047e567ff7ff1918
195935693896900,0,21,8,057f037ff8001917
195935694018700,0,22,8,06819d7ff8001917
195935694047800,1,23,8,077fe77ff8001913
195935694065000,1,24,8,087ffe7fe8001917
195935694080700,0,17,8,017fde7fe8011917
195935694095300,0,18,8,0281c88008001917
195935694110000,1,19,8,03804b7ff7ff1917
195935694124500,1,20,8,047e568007ff1918
195935694139100,0,21,8,057f038007ff1917
195935694153500,0,22,8,06819d7ff7ff1917
195935694167700,1,23,8,077fe78008001913
195935694181800,1,24,8,087ffe8007ff1917
195935694196100,0,17,8,017fde7ff8001917
195935694211400,0,18,8,0281c87fe8001917
195935694225400,1,19,8,03804b7ff8001917
195935694239700,1,20,8,047e568007ff1918
195935802801400,0,21,8,057f037ff7ff1917
195935802868900,0,22,8,06819d7ff7ff1917
195935802907900,1,23,8,077fe67fe8011913
195935802927100,1,24,8,087ffe7fe7ff1917
195935802944000,0,17,8,017fde8008001917
195935802959500,0,18,8,0281c87fe8001917
195935802973900,1,19,8,03804b7ff7ff1917
195935802988700,1,20,8,047e567fe7ff1918
195935803016600,0,21,8,057f037ff8001917
195935803050500,0,22,8,06819d7ff8001917
195935803069000,1,23,8,077fe67fe8001913
195935803084800,1,24,8,087ffe7fe7ff1917
195935803100600,0,17,8,017fde8008001917
195935803115300,0,18,8,0281c87fe8001917
195935803129600,1,19,8,03804b7ff8001917
195935803143800,1,20,8,047e567ff7ff1918
195935803158200,0,21,8,057f038008001917
195935803172400,0,22,8,06819d7ff7ff1917
195935803186500,1,23,8,077fe78008001913
195935803200500,1,24,8,087ffe7ff7ff1917
195935803214400,0,17,8,017fdd7fe8001917
195935803228300,0,18,8,0281c87ff8001917
195935803242200,1,19,8,03804b7fe7ff1917
195935803256100,1,20,8,047e567ff8001918
195935803278800,0,21,8,057f037ff7ff1917
195935803296800,0,22,8,06819d7ff7ff1917
195935803311800,1,23,8,077fe77ff8011913
195935803329100,1,24,8,087ffe7fe7ff1917
195935803344500,0,17,8,017fdd7fe7ff1917
195935803361100,0,18,8,0281c87ff8001917
195935803375800,1,19,8,03804b7ff8001917
195935803395200,1,20,8,047e567fe7ff1918
195935803410100,0,21,8,057f037ff8001917
195935803482700,0,22,8,06819d7fe7ff1917
195935803510700,1,23,8,077fe77ff8001913
195935803527500,1,24,8,087ffe7ff7ff1917
195935803542400,0,17,8,017fdd7ff8001917
195935803557200,0,18,8,0281c87fe8001917
195935803572100,1,19,8,03804b7ff8001917
195935803587000,1,20,8,047e568007ff1918
195935803601700,0,21,8,057f037ff8001917
195935803616400,0,22,8,06819c7fe8001917
195935803636100,1,23,8,077fe77ff8011913
195935803674700,1,24,8,087ffe7ff8001917
195935803706900,0,17,8,017fde7ff8001917
195935803725100,0,18,8,0281c87ff7ff1917
195935803740500,1,19,8,03804b7fe7ff1917
195935803755300,1,20,8,047e567ff7ff1918
195935803769700,0,21,8,057f037ff7ff1917
195935803784500,0,22,8,06819d7fe7ff1917
195935803798700,1,23,8,077fe77ff8001913
195935803813100,1,24,8,087ffe7ff7ff1917
195935803826900,0,17,8,017fde7ff8001917
195935803840900,0,18,8,0281c87ff7ff1917
195935803854600,1,19,8,03804b7ff8001917
195935803868200,1,20,8,047e567ff7ff1918
195935803882200,0,21,8,057f037ff8001917
195935803896000,0,22,8,06819d7ff7ff1917
195935803910400,1,23,8,077fe77ff8011913
195935803924400,1,24,8,087ffe7ff7fe1917
195935803938400,0,17,8,017fde7ff7ff1917
195935803952400,0,18,8,0281c87fe8001917
195935803966200,1,19,8,03804b7fe8001917
195935803980100,1,20,8,047e567ff7ff1918
195935910100900,0,21,8,057f038017ff1917
195935910131800,0,22,8,06819c7ff8001917
195935910139600,1,23,8,077fe67ff8001913
195935910146200,1,24,8,087ffe7ff7ff1917
195935910152000,0,17,8,017fde7ff8001917
195935910157800,0,18,8,0281c87fe8011917
195935910164100,1,19,8,03804b7ff8001917
195935910170100,1,20,8,047e567ff7ff1918
195935910176300,0,21,8,057f037ff7ff1917
195935910182000,0,22,8,06819d8008001917
195935910188000,1,23,8,077fe67fe8011913
195935910193800,1,24,8,087ffe7ff7ff1917
195935910199900,0,17,8,017fdd7ff8001917
195935910210900,0,18,8,0281c87ff8001917
195935910220000,1,19,8,03804b7ff8001917
195935910228800,1,20,8,047e567ff7ff1918
195935910240700,0,21,8,057f037ff7ff1917
195935910247500,0,22,8,06819d7ff8001917
195935910282200,1,23,8,077fe77ff8011913
195935910292400,1,24,8,087ffe8007ff1917
195935910301600,0,17,8,017fdd7ff8001917
195935910316200,0,18,8,0281c87fe8001917
195935910324900,1,19,8,03804b8008001917
195935910332100,1,20,8,047e567ff7ff1918
195935910337900,0,21,8,057f038007ff1917
195935910345800,0,22,8,06819c7ff7ff1917
195935910367100,1,23,8,077fe77ff8011913
195935910373900,1,24,8,087ffe7ff7ff1917
195935910379700,0,17,8,017fdd8007ff1917
195935910385800,0,18,8,0281c87fe8001917
195935910393500,1,19,8,03804b7ff8001917
195935910399100,1,20,8,047e567ff8001918
195935910405100,0,21,8,057f037fe8001917
195935910411000,0,22,8,06819d7ff8001917
195935910416700,1,23,8,077fe67ff8011913
195935910422500,1,24,8,087ffe8008001917
195935910503200,0,17,8,017fdd7ff8001917
195935910531300,0,18,8,0281c87ff8001917
195935910538800,1,19,8,03804b7ff7ff1917
195935910544600,1,20,8,047e567ff7ff1918
195935910550600,0,21,8,057f037fe7ff1917
195935910562500,0,22,8,06819c7fe8001917
195935910568400,1,23,8,077fe68008001913
195935910574100,1,24,8,087ffe7ff8001917
195935910579800,0,17,8,017fdd7fe7ff1917
195935910585700,0,18,8,0281c87ff7ff1917
195935910591400,1,19,8,03804b7ff7ff1917
195935910597100,1,20,8,047e568007ff1918
195935910602900,0,21,8,057f037ff8001917
195936021401200,0,22,8,06819c7ff8001917
195936021429900,1,23,8,077fe67ff8011913
195936021440300,1,24,8,087ffe7ff7ff1917
195936021447600,0,17,8,017fde8007ff1917
195936021454600,0,18,8,0281c87ff7ff1917
195936021461000,1,19,8,03804b7ff7ff1917
195936021467900,1,20,8,047e567ff7ff1918
195936021474800,0,21,8,057f037ff7ff1917
195936021481000,0,22,8,06819c7fe7ff1917
195936021487500,1,23,8,077fe77ff8001913
195936021493400,1,24,8,087ffe7fe7fe1917
195936021499100,0,17,8,017fdd7fe8001917
195936021506100,0,18,8,0281c87ff8001917
195936021512400,1,19,8,03804b8008001917
195936021518200,1,20,8,047e567ff7ff1918
195936021524600,0,21,8,057f037ff8001917
195936021530400,0,22,8,06819d8008001917
195936021536000,1,23,8,077fe67ff8001913
195936021541700,1,24,8,087ffe7ff7ff1917
195936021547500,0,17,8,017fde8008001917
195936021553300,0,18,8,0281c87ff7ff1917
195936021559000,1,19,8,03804b7ff7ff1917
195936021564600,1,20,8,047e567ff7ff1918
195936021570300,0,21,8,057f037ff7ff1917
195936021576300,0,22,8,06819d7ff7ff1917
195936021582200,1,23,8,077fe67fe8001913
195936021588100,1,24,8,087ffe8007ff1917
195936021593800,0,17,8,017fde7ff8001917
195936021599600,0,18,8,0281c87ff8001917
195936021605500,1,19,8,03804b7ff8001917
195936021611300,1,20,8,047e567fe7fe1918
195936021617100,0,21,8,057f037ff8001917
195936021622700,0,22,8,06819d7ff8001917
195936021628400,1,23,8,077fe78008001913
195936021634000,1,24,8,087ffe7ff7ff1917
195936021639800,0,17,8,017fde7ff8011917
195936021645900,0,18,8,0281c87ff7ff1917
195936021651900,1,19,8,03804b7ff8001917
195936021657700,1,20,8,047e567ff7ff1918
195936021663500,0,21,8,057f037ff8001917
195936021669400,0,22,8,06819d7ff8001917
195936021676600,1,23,8,077fe77ff8001913
195936021682300,1,24,8,087ffe7ff7ff1917
195936021688000,0,17,8,017fdd7ff7ff1917
195936021694100,0,18,8,0281c87ff8001917
195936021699900,1,19,8,03804b8007ff1917
195936021705800,1,20,8,047e568007ff1918
195936021712400,0,21,8,057f037ff7ff1917
195936021718200,0,22,8,06819d7ff8001917
195936021724200,1,23,8,077fe78008001913
195936021734300,1,24,8,087ffe7fe7ff1917
195936021739900,0,17,8,017fdd7ff7ff1917
195936021745500,0,18,8,0281c87ff8001917
195936021751200,1,19,8,03804b7fe7fe1917
195936021756700,1,20,8,047e567ff7ff1918
195936021762400,0,21,8,057f038008001917
195936021768000,0,22,8,06819c7ff7ff1917
195936021774000,1,23,8,077fe78008001913
195936021779600,1,24,8,087ffe8007ff1917
195936021785200,0,17,8,017fde8008001917
195936021791500,0,18,8,0281c87ff8001917
195936021797200,1,19,8,03804b7ff8001917
195936021807600,1,20,8,047e567ff8001918
195936021817100,0,21,8,057f037fe8001917
195936021826000,0,22,8,06819d7ff7ff1917
195936021832800,1,23,8,077fe67fe8011913
195936021859500,1,24,8,087ffe8008001917
195936021883100,0,17,8,017fde7ff8001917
195936130883800,0,18,8,0281c87ff8001917
195936130913900,1,19,8,03804b7ff8001917
195936130922000,1,20,8,047e568007ff1918
195936130928800,0,21,8,057f037ff7ff1917
195936130935100,0,22,8,06819c7ff8001917
195936130941300,1,23,8,077fe67ff8001913
195936130947800,1,24,8,087ffe7ff8001917
195936130954200,0,17,8,017fdd7fe8001917
195936130961000,0,18,8,0281c87fe7ff1917
195936130966700,1,19,8,03804b7ff8001917
195936130972900,1,20,8,047e567ff7ff1918
195936130978800,0,21,8,057f037ff7ff1917
195936130984500,0,22,8,06819d7ff8001917
195936130990400,1,23,8,077fe67ff8001913
195936130996200,1,24,8,087ffe7ff7ff1917
195936131002300,0,17,8,017fde8007ff1917
195936131008100,0,18,8,0281c87ff8001917
195936131013900,1,19,8,03804b7ff7ff1917
195936131019900,1,20,8,047e567ff7ff1918
195936131025900,0,21,8,057f037ff8001917
195936131031800,0,22,8,06819d7ff7ff1917
195936131037500,1,23,8,077fe77ff8011913
195936131043300,1,24,8,087ffe7ff7ff1917
195936131049000,0,17,8,017fde7ff7ff1917
195936131055000,0,18,8,0281c87ff8001917
195936131060800,1,19,8,03804b7ff8001917
195936131067000,1,20,8,047e567fe7ff1918
195936131072800,0,21,8,057f038007ff1917
195936131082900,0,22,8,06819d7ff8001917
195936131088700,1,23,8,077fe78008011913
195936131094400,1,24,8,087ffe7ff7ff1917
195936131100100,0,17,8,017fdd7fe7ff1917
195936131106000,0,18,8,0281c88008001917
195936131111800,1,19,8,03804b7ff8001917
195936131117700,1,20,8,047e567ff7ff1918
195936131123400,0,21,8,057f037ff8001917
195936131129200,0,22,8,06819c7fe8001917
195936131134900,1,23,8,077fe78008011913
195936131141600,1,24,8,087ffe7ff8001917
195936131147500,0,17,8,017fdd7ff8001917
195936131153700,0,18,8,0281c87ff8001917
195936131159700,1,19,8,03804b7fe7ff1917
195936131166300,1,20,8,047e567fe7ff1918
195936131172300,0,21,8,057f037ff8001917
195936131177900,0,22,8,06819d7ff7ff1917
195936131183600,1,23,8,077fe68008001913
195936131189200,1,24,8,087ffe8008001917
195936131194800,0,17,8,017fdd8008001917
195936131200800,0,18,8,0281c87ff8001917
195936131206500,1,19,8,03804b8008001917
195936131212100,1,20,8,047e567ff7ff1918
195936131217800,0,21,8,057f037fe8001917
195936131223600,0,22,8,06819d7ff7ff1917
195936131229300,1,23,8,077fe78008001913
195936131234900,1,24,8,087ffe7ff7ff1917
195936131240800,0,17,8,017fde7fe7ff1917
195936131246800,0,18,8,0281c87ff7ff1917
195936131252600,1,19,8,03804b7ff8001917
195936131258200,1,20,8,047e567ff7ff1918
195936131264000,0,21,8,057f037ff8001917
195936131269700,0,22,8,06819d7ff7ff1917
195936241106600,1,23,8,077fe77ff8001913
195936241136200,1,24,8,087ffe7ff7ff1917
195936241146300,0,17,8,017fdd7ff7ff1917
195936241153100,0,18,8,0281c87fe8001917
195936241163600,1,19,8,03804b7fe7ff1917
195936241195200,1,20,8,047e567ff7ff1918
195936241219100,0,21,8,057f037fe7ff1917
195936241226900,0,22,8,06819d7ff7ff1917
195936241233300,1,23,8,077fe67fe8011913
195936241239500,1,24,8,087ffe7ff7ff1917
195936241245500,0,17,8,017fde7ff7ff1917
195936241252600,0,18,8,0281c87ff7ff1917
195936241258900,1,19,8,03804b7ff7ff1917
195936241265600,1,20,8,047e568007ff1918
195936241271900,0,21,8,057f037ff8001917
195936241277900,0,22,8,06819d7fe8001917
195936241287700,1,23,8,077fe78008011913
195936241294400,1,24,8,087ffe7ff7ff1917
195936241300600,0,17,8,017fde7ff8001917
195936241306900,0,18,8,0281c88008001917
195936241312900,1,19,8,03804b8007ff1917
195936241318800,1,20,8,047e567ff7ff1918
195936241324900,0,21,8,057f037ff8001917
195936241338600,0,22,8,06819c7ff7ff1917
195936241345100,1,23,8,077fe67ff8001913
195936241351100,1,24,8,087ffe7ff7fe1917
195936241358600,0,17,8,017fdd7ff8001917
195936241364500,0,18,8,0281c87fe8001917
195936241370800,1,19,8,03804a7fe8001917
195936241376600,1,20,8,047e567ff7ff1918
195936241382400,0,21,8,057f037ff7ff1917
195936241388100,0,22,8,06819d7ff7ff1917
195936241393800,1,23,8,077fe67ff8001913
195936241399300,1,24,8,087ffe7ff8001917
195936241404800,0,17,8,017fdd7ff8001917
195936241410500,0,18,8,0281c87fe8011917
195936241416300,1,19,8,03804b7ff8001917
195936241422100,1,20,8,047e568007ff1918
195936241427700,0,21,8,057f037ff7ff1917
195936241433300,0,22,8,06819d7fe7ff1917
195936241439000,1,23,8,077fe67ff8001913
195936241444700,1,24,8,087ffe7fe7ff1917
195936241450300,0,17,8,017fdd7ff7ff1917
195936241456500,0,18,8,0281c87fe8001917
195936241462200,1,19,8,03804b7ff7ff1917
195936241468600,1,20,8,047e567ff8001918
195936241474600,0,21,8,057f038007ff1917
195936241480200,0,22,8,06819d7ff7ff1917
195936241485800,1,23,8,077fe78008001913
195936241491300,1,24,8,087ffe7ff7ff1917
195936241496900,0,17,8,017fdd7ff7ff1917
195936241502400,0,18,8,0281c87ff7ff1917
195936241508200,1,19,8,03804b7fe8001917
195936241513800,1,20,8,047e567ff7ff1918
195936241519500,0,21,8,057f038008001917
195936241525100,0,22,8,06819d7ff7ff1917
195936241530800,1,23,8,077fe77ff8001913
195936241536300,1,24,8,087ffe7ff8001917
195936241542500,0,17,8,017fdd7ff8001917
195936241548400,0,18,8,0281c88008001917
195936241553900,1,19,8,03804b8008001917
195936241559600,1,20,8,047e567fe8001918
195936241565100,0,21,8,057f037ff7ff1917
195936241570700,0,22,8,06819d7ff7ff1917
195936352430900,1,23,8,077fe77ff8011913
195936352469300,1,24,8,087ffe8008001917
195936352481700,0,17,8,017fdd7ff8011917
195936352516300,0,18,8,0281c88008001917
195936352552200,1,19,8,03804b7ff8001917
195936352570300,1,20,8,047e567ff7ff1918
195936352585600,0,21,8,057f037ff7ff1917
195936352600000,0,22,8,06819d7ff7ff1917
195936352614400,1,23,8,077fe77ff8011913
195936352628500,1,24,8,087ffe8007ff1917
195936352642600,0,17,8,017fde7ff7ff1917
195936352658100,0,18,8,0281c87fe8001917
195936352672600,1,19,8,03804b7ff8001917
195936352686400,1,20,8,047e567ff7ff1918
195936352700300,0,21,8,057f037ff8001917
195936352713800,0,22,8,06819d7ff7ff1917
195936352727600,1,23,8,077fe67ff8001913
195936352741400,1,24,8,087ffe8008001917
195936352755300,0,17,8,017fde7ff7ff1917
195936352769500,0,18,8,0281c87ff7ff1917
195936352878500,1,19,8,03804b8007ff1917
195936352894700,1,20,8,047e567ff7ff1918
195936352908500,0,21,8,057f037ff7ff1917
195936352922600,0,22,8,06819d7ff8001917
195936352936700,1,23,8,077fe77ff8001913
195936352950400,1,24,8,087ffe7ff7ff1917
195936352964100,0,17,8,017fde7fe8001917
195936352978300,0,18,8,0281c87ff8001917
195936352991900,1,19,8,03804b7ff7ff1917
195936353005700,1,20,8,047e567fe7ff1918
195936353019400,0,21,8,057f037ff8001917
195936353033100,0,22,8,06819d7ff7ff1917
195936353046600,1,23,8,077fe78018001913
195936353060200,1,24,8,087ffe7ff7ff1917
195936353073700,0,17,8,017fdd7ff8011917
195936353095100,0,18,8,0281c87ff8001917
195936353109100,1,19,8,03804b7ff7ff1917
195936353122800,1,20,8,047e567ff7ff1918
195936353136300,0,21,8,057f037fe7ff1917
195936353149800,0,22,8,06819c7ff7ff1917
195936353163300,1,23,8,077fe67ff8001913
195936353176900,1,24,8,087ffe7ff8001917
195936353190200,0,17,8,017fdd7fe8001917
195936353204000,0,18,8,0281c88008001917
195936353217400,1,19,8,03804b7fe8001917
195936353233600,1,20,8,047e567ff7ff1918
195936353247300,0,21,8,057f038008001917
195936353262600,0,22,8,06819d7ff7ff1917
195936353275900,1,23,8,077fe78008011913
195936353289800,1,24,8,087ffe7ff7ff1917
195936353303300,0,17,8,017fdd7ff8001917
195936353316700,0,18,8,0281c87ff7ff1917
195936353330200,1,19,8,03804b8007ff1917
195936353343700,1,20,8,047e567ff7ff1918
195936353357300,0,21,8,057f037ff7ff1917
195936353410500,0,22,8,06819d7ff7ff1917
195936353427700,1,23,8,077fe78008001913
195936353441800,1,24,8,087ffe7ff7ff1917
195936353455400,0,17,8,017fdd7ff8001917
195936353468900,0,18,8,0281c87ff8001917
195936353482400,1,19,8,03804b8008001917
195936353496000,1,20,8,047e567ff7ff1918
195936353510400,0,21,8,057f037ff8001917
195936353524100,0,22,8,06819c7ff7ff1917
195936353537700,1,23,8,077fe67fe8001913
195936353551300,1,24,8,087ffe7fe8001917
195936353564900,0,17,8,017fdd7ff8001917
195936465989600,0,18,8,0281c87ff8001917
195936466020000,1,19,8,03804b7ff7ff1917
195936466027700,1,20,8,047e567ff7ff1918
195936466035800,0,21,8,057f037fe8001917
195936466042400,0,22,8,06819c7ff7ff1917
195936466048800,1,23,8,077fe77fe8001913
195936466055200,1,24,8,087ffe7ff7ff1917
195936466061200,0,17,8,017fdd7fe8001917
195936466067800,0,18,8,0281c87ff8001917
195936466073900,1,19,8,03804b7ff8001917
195936466079800,1,20,8,047e567fe7ff1918
195936466085600,0,21,8,057f037ff8001917
195936466091400,0,22,8,06819d7ff8001917
195936466097400,1,23,8,077fe77ff8001913
195936466103400,1,24,8,087ffe7ff8001917
195936466109200,0,17,8,017fdd7ff8001917
195936466114900,0,18,8,0281c87ff7ff1917
195936466120800,1,19,8,03804b7ff7ff1917
195936466126600,1,20,8,047e567ff8001918
195936466132500,0,21,8,057f037ff7ff1917
195936466138300,0,22,8,06819c7ff7ff1917
195936466144100,1,23,8,077fe78008001913
195936466149800,1,24,8,087ffe7fe8001917
195936466155600,0,17,8,017fdd7ff8001917
195936466175100,0,18,8,0281c88007ff1917
195936466205100,1,19,8,03804b7ff7ff1917
195936466216500,1,20,8,047e567ff8001918
195936466227700,0,21,8,057f037ff7ff1917
195936466237900,0,22,8,06819d7ff8001917
195936466248100,1,23,8,077fe67ff8001913
195936466271800,1,24,8,087ffe7ff7ff1917
195936466281400,0,17,8,017fdd8008001917
195936466287100,0,18,8,0281c87ff7ff1917
195936466293000,1,19,8,03804b7ff8001917
195936466299000,1,20,8,047e567ff7ff1918
195936466305000,0,21,8,057f037fe7ff1917
195936466310800,0,22,8,06819c7ff7ff1917
195936466316500,1,23,8,077fe77ff8001913
195936466322100,1,24,8,087ffe7ff8001917
195936466327800,0,17,8,017fdd7ff7ff1917
195936466333600,0,18,8,0281c88008001917
195936466339300,1,19,8,03804b7ff8001917
195936466346300,1,20,8,047e567ff7ff1918
195936466352100,0,21,8,057f037fe7ff1917
195936466358000,0,22,8,06819d7ff7ff1917
195936466363700,1,23,8,077fe77fe8001913
195936466369700,1,24,8,087ffe7ff7ff1917
195936466375400,0,17,8,017fdd7fe8001917
195936466381200,0,18,8,0281c87fe8001917
195936466386700,1,19,8,03804b7ff8001917
195936466392300,1,20,8,047e567ff7ff1918
195936466398000,0,21,8,057f037ff8001917
195936466403600,0,22,8,06819d7ff7ff1917
195936466409200,1,23,8,077fe67ff8011913
195936466414900,1,24,8,087ffe8007ff1917
195936466420400,0,17,8,017fde7ff8001917
195936466426100,0,18,8,0281c87ff7ff1917
195936466431800,1,19,8,03804b7ff8001917
195936466437400,1,20,8,047e567ff7ff1918
195936466443100,0,21,8,057f037ff8001917
195936466448800,0,22,8,06819c8007ff1917
195936466454500,1,23,8,077fe77ff8001913
195936466460200,1,24,8,087ffe7ff7ff1917
195936466466500,0,17,8,017fde7ff8001917
195936466472400,0,18,8,0281c88008001917
195936466483900,1,19,8,03804b7ff7ff1917
195936466490300,1,20,8,047e567ff8001918
195936466496000,0,21,8,057f037ff8001917
195936466501800,0,22,8,06819d8008001917
195936466507300,1,23,8,077fe78008001913
195936577855700,1,24,8,087ffe7ff7ff1917
195936577881300,0,17,8,017fdd7ff7ff1917
195936577894500,0,18,8,0281c87ff8001917
195936577904100,1,19,8,03804b8008001917
195936577913200,1,20,8,047e567ff7ff1918
195936577922900,0,21,8,057f038008001917
195936577932000,0,22,8,06819d7ff7ff1917
195936577940800,1,23,8,077fe77ff8001913
195936577951900,1,24,8,087ffe7ff7ff1917
195936577961700,0,17,8,017fdd7ff8001917
195936577970900,0,18,8,0281c88007ff1917
195936577980500,1,19,8,03804b7ff8001917
195936577989200,1,20,8,047e567ff7ff1918
195936578022100,0,21,8,057f038008001917
195936578056800,0,22,8,06819c7ff8001917
195936578074500,1,23,8,077fe67ff8001913
195936578090000,1,24,8,087ffe8007ff1917
195936578104800,0,17,8,017fde7ff7ff1917
195936578120000,0,18,8,0281c87ff7ff1917
195936578134100,1,19,8,03804b7ff8001917
195936578148400,1,20,8,047e567ff7ff1918
195936578162200,0,21,8,057f037ff8001917
195936578176100,0,22,8,06819d7ff7ff1917
195936578190000,1,23,8,077fe77fe8001913
195936578203700,1,24,8,087ffe7fe7ff1917
195936578217500,0,17,8,017fde7fe8001917
195936578231500,0,18,8,0281c88007ff1917
195936578245300,1,19,8,03804b8007ff1917
195936578258900,1,20,8,047e567ff7ff1918
195936578272700,0,21,8,057f037ff7ff1917
195936578289400,0,22,8,06819c7ff8001917
195936578303500,1,23,8,077fe77ff8011913
195936578317400,1,24,8,087ffe7fe7fe1917
195936578331300,0,17,8,017fde8007ff1917
195936578345900,0,18,8,0281c88007ff1917
195936578361600,1,19,8,03804b7ff7ff1917
195936578375600,1,20,8,047e567ff7ff1918
195936578389600,0,21,8,057f037ff7ff1917
195936578403500,0,22,8,06819d7ff8001917
195936578417000,1,23,8,077fe67ff8001913
195936578430600,1,24,8,087ffe7ff7ff1917
195936578444200,0,17,8,017fdd7fe8001917
195936578457700,0,18,8,0281c87ff7ff1917
195936578471200,1,19,8,03804b8007ff1917
195936578485000,1,20,8,047e567ff7ff1918
195936578498300,0,21,8,057f038008001917
195936578511700,0,22,8,06819d7ff8001917
195936578525300,1,23,8,077fe67fe8011913
195936578538700,1,24,8,087ffe7fe7ff1917
195936578552100,0,17,8,017fdd7ff8001917
195936578565600,0,18,8,0281c87ff8001917
195936578579000,1,19,8,03804b7ff7ff1917
195936578592500,1,20,8,047e567ff7ff1918
195936578606000,0,21,8,057f037ff7ff1917
195936578619700,0,22,8,06819d7ff7ff1917
195936578633400,1,23,8,077fe77ff8001913
195936578647000,1,24,8,087ffe8008001917
195936578660300,0,17,8,017fde7ff8001917
195936578673900,0,18,8,0281c87ff8011917
195936578687700,1,19,8,03804b7ff7ff1917
195936578701300,1,20,8,047e567ff7ff1918
195936578714600,0,21,8,057f038008001917
195936578728600,0,22,8,06819c7ff8001917
195936578742100,1,23,8,077fe67ff8001913
195936578755900,1,24,8,087ffe7ff8001917
195936690334400,0,17,8,017fde8008001917
195936690360700,0,18,8,0281c88008001917
195936690369400,1,19,8,03804b7ff7ff1917
195936690375500,1,20,8,047e567ff7ff1918
195936690381500,0,21,8,057f037ff8001917
195936690388100,0,22,8,06819d8008001917
195936690394100,1,23,8,077fe67ff8001913
195936690400400,1,24,8,087ffe7ff7ff1917
195936690406300,0,17,8,017fde7ff7ff1917
195936690413600,0,18,8,0281c87fe8001917
195936690419600,1,19,8,03804b7fe8001917
195936690425300,1,20,8,047e567ff7ff1918
195936690431000,0,21,8,057f037fe8001917
195936690436700,0,22,8,06819d8007ff1917
195936690442500,1,23,8,077fe77ff8001913
195936690448200,1,24,8,087ffe7ff8001917
195936690454500,0,17,8,017fdd7ff8001917
195936690460500,0,18,8,0281c87fe7ff1917
195936690466300,1,19,8,03804b7fe7ff1917
195936690478600,1,20,8,047e567ff7ff1918
195936690485200,0,21,8,057f038008001917
195936690491400,0,22,8,06819d7ff7ff1917
195936690497100,1,23,8,077fe67ff8001913
195936690502900,1,24,8,087ffe8007ff1917
195936690508800,0,17,8,017fde7ff7ff1917
195936690518900,0,18,8,0281c87fe8001917
195936690524900,1,19,8,03804b7ff8001917
195936690530600,1,20,8,047e567ff7ff1918
195936690536500,0,21,8,057f038007ff1917
195936690542600,0,22,8,06819c7fe8001917
195936690548500,1,23,8,077fe77ff8011913
195936690554200,1,24,8,087ffe7ff7ff1917
195936690560200,0,17,8,017fde7ff8001917
195936690570000,0,18,8,0281c87fe8001917
195936690604200,1,19,8,03804b7fe7ff1917
195936690659400,1,20,8,047e567ff7ff1918
195936690671800,0,21,8,057f037ff7ff1917
195936690679300,0,22,8,06819c7ff7ff1917
195936690685600,1,23,8,077fe78008011913
195936690691600,1,24,8,087ffe7ff7ff1917
195936690707600,0,17,8,017fdd7ff8001917
195936690718800,0,18,8,0281c87ff7ff1917
195936690726300,1,19,8,03804b7ff7ff1917
195936690732700,1,20,8,047e567ff7ff1918
195936690738600,0,21,8,057f037ff7ff1917
195936690744400,0,22,8,06819d7fe7ff1917
195936690750100,1,23,8,077fe77ff8001913
195936690755900,1,24,8,087ffe7ff8001917
195936690761900,0,17,8,017fdd7fe8001917
195936690767500,0,18,8,0281c87ff8001917
195936690773500,1,19,8,03804b7fe7ff1917
195936690779200,1,20,8,047e567ff7ff1918
195936690784900,0,21,8,057f037ff8001917
195936690791400,0,22,8,06819d7ff7ff1917
195936690797100,1,23,8,077fe67fe8011913
195936690803000,1,24,8,087ffe7ff8001917
195936690808800,0,17,8,017fdd7ff8001917
195936690814500,0,18,8,0281c87ff8001917
195936690820300,1,19,8,03804b7ff7ff1917
195936690826100,1,20,8,047e567ff8001918
195936690831800,0,21,8,057f038008001917
195936690837400,0,22,8,06819d7ff7ff1917
195936690843000,1,23,8,077fe67fe8001913
195936690848700,1,24,8,087ffe7ff8001917
195936690854600,0,17,8,017fdd7ff8001917
195936802670300,0,18,8,0281c87fe8011917
195936802720400,1,19,8,03804b7ff8001917
195936802741200,1,20,8,047e567ff7ff1918
195936802758900,0,21,8,057f037ff7ff1917
195936802805100,0,22,8,06819d7ff7ff1917
195936802823900,1,23,8,077fe77ff8011913
195936802839600,1,24,8,087ffe7fe7ff1917
195936802855000,0,17,8,017fdd7ff8001917
195936802870000,0,18,8,0281c87ff8001917
195936802967800,1,19,8,03804b7ff7ff1917
195936803003800,1,20,8,047e567ff7ff1918
195936803033800,0,21,8,057f038007fe1917
195936803053900,0,22,8,06819c7ff7ff1917
195936803074400,1,23,8,077fe77ff8001913
195936803093600,1,24,8,087ffe7ff7ff1917
195936803109200,0,17,8,017fdd7fe8001917
195936803125700,0,18,8,0281c87ff8001917
195936803168800,1,19,8,03804b7ff8001917
195936803250100,1,20,8,047e567ff7ff1918
195936803269600,0,21,8,057f037ff7ff1917
195936803285800,0,22,8,06819d7ff7ff1917
195936803302800,1,23,8,077fe77ff8001913
195936803318300,1,24,8,087ffe7ff7ff1917
195936803336000,0,17,8,017fdd7ff8011917
195936803353800,0,18,8,0281c87fe7ff1917
195936803369500,1,19,8,03804b7ff7ff1917
195936803384400,1,20,8,047e567fe7ff1918
195936803404800,0,21,8,057f038007ff1917
195936803420300,0,22,8,06819d7ff7ff1917
195936803435300,1,23,8,077fe77ff8001913
195936803451600,1,24,8,087ffe7ff8001917
195936803466900,0,17,8,017fde7ff7ff1917
195936803482200,0,18,8,0281c87fe8001917
195936803499000,1,19,8,03804b7ff7ff1917
195936803515800,1,20,8,047e567ff7ff1918
195936803531000,0,21,8,057f037ff8001917
195936803545700,0,22,8,06819c7ff7ff1917
195936803560700,1,23,8,077fe67ff8001913
195936803575400,1,24,8,087ffe7ff7ff1917
195936803590400,0,17,8,017fdd7fe8001917
195936803606900,0,18,8,0281c87ff7ff1917
195936803622400,1,19,8,03804b7ff8011917
195936803637300,1,20,8,047e567ff7ff1918
195936803654000,0,21,8,057f037ff7ff1917
195936803669100,0,22,8,06819c7ff7ff1917
195936803684300,1,23,8,077fe77ff8001913
195936803699200,1,24,8,087ffe8007fe1917
195936803713900,0,17,8,017fdd7ff8001917
195936803729000,0,18,8,0281c87ff8001917
195936803743900,1,19,8,03804b7ff7ff1917
195936803758600,1,20,8,047e567ff7ff1918
195936803773200,0,21,8,057f037ff7ff1917
195936803876000,0,22,8,06819d7ff8001917
195936803897500,1,23,8,077fe67ff8011913
195936803968500,1,24,8,087ffe7fe7ff1917
195936803996400,0,17,8,017fde7ff8001917
195936804011500,0,18,8,0281c87ff8001917
195936804029500,1,19,8,03804b7ff7ff1917
195936804044300,1,20,8,047e567ff7ff1918
195936804059800,0,21,8,057f037ff8001917
195936804075700,0,22,8,06819d7ff7ff1917
195936804090000,1,23,8,077fe68008001913
195936804105700,1,24,8,087ffe7ff7ff1917
195936914656200,0,17,8,017fde7ff8001917
195936914701400,0,18,8,0281c87ff8001917
195936914721200,1,19,8,03804b7ff8001917
195936914728400,1,20,8,047e567ff7ff1918
195936914746900,0,21,8,057f038007ff1917
195936914753400,0,22,8,06819c7ff7ff1917
195936914759900,1,23,8,077fe77ff8011913
195936914766300,1,24,8,087ffe7ff7ff1917
195936914772500,0,17,8,017fdd7ff8001917
195936914778800,0,18,8,0281c88008001917
195936914798900,1,19,8,03804b7ff7ff1917
195936914807900,1,20,8,047e567ff7ff1918
195936914816400,0,21,8,057f037ff7ff1917
195936914823600,0,22,8,06819d7ff7ff1917
195936914829400,1,23,8,077fe67fd8001913
195936914835100,1,24,8,087ffe7fe7ff1917
195936914840900,0,17,8,017fdd7ff8001917
195936914846700,0,18,8,0281c87ff7ff1917
195936914852300,1,19,8,03804b7ff8001917
195936914858000,1,20,8,047e567fe7ff1918
195936914864000,0,21,8,057f037ff7ff1917
195936914869900,0,22,8,06819d8007ff1917
195936914875600,1,23,8,077fe68008001913
195936914881500,1,24,8,087ffe7ff8001917
195936914887200,0,17,8,017fdd8008001917
195936914892900,0,18,8,0281c87ff8001917
195936914898700,1,19,8,03804b7ff7ff1917
195936914904300,1,20,8,047e567ff7ff1918
195936914909900,0,21,8,057f037fe8001917
195936914915500,0,22,8,06819c7ff7ff1917
195936914921100,1,23,8,077fe77fe8001913
195936914926800,1,24,8,087ffe7ff7ff1917
195936914932600,0,17,8,017fdd7ff7ff1917
195936914938300,0,18,8,0281c87ff8001917
195936914944900,1,19,8,03804b7ff7ff1917
195936914950700,1,20,8,047e567ff7ff1918
195936914956300,0,21,8,057f037fe8001917
195936914962000,0,22,8,06819d7ff7ff1917
195936914967700,1,23,8,077fe67ff8001913
195936914973400,1,24,8,087ffe8008001917
195936914979100,0,17,8,017fdd7ff7ff1917
195936914984700,0,18,8,0281c87ff7ff1917
195936914990400,1,19,8,03804b7ff8001917
195936914996000,1,20,8,047e567ff7ff1918
195936915003100,0,21,8,057f037ff7ff1917
195936915008900,0,22,8,06819d7ff7ff1917
195936915014500,1,23,8,077fe68008001913
195936915020300,1,24,8,087ffe7ff8001917
195936915026000,0,17,8,017fdd7fe8001917
195936915031800,0,18,8,0281c87fe8001917
195936915037500,1,19,8,03804b7ff7ff1917
195936915043200,1,20,8,047e567ff7ff1918
195936915048800,0,21,8,057f037fe7ff1917
195936915054400,0,22,8,06819d7ff8001917
195937027744500,1,23,8,077fe78008001913
195937027777900,1,24,8,087ffe7fe7ff1917
195937027790500,0,17,8,017fde8008001917
195937027800700,0,18,8,0281c87fe7ff1917
195937027809800,1,19,8,03804b8007ff1917
195937027844800,1,20,8,047e567ff7ff1918
195937027879400,0,21,8,057f037fe8001917
195937027897300,0,22,8,06819d7ff8001917
195937027912800,1,23,8,077fe77fe8011913
195937027927600,1,24,8,087ffe7fe8001917
195937027942300,0,17,8,017fdd7ff7ff1917
195937027957900,0,18,8,0281c87ff8011917
195937027972400,1,19,8,03804b7ff8001917
195937028061100,1,20,8,047e568007ff1918
195937028081800,0,21,8,057f037ff7ff1917
195937028096200,0,22,8,06819c7fe8001917
195937028110300,1,23,8,077fe67fe8011913
195937028124400,1,24,8,087ffe7ff8001917
195937028138400,0,17,8,017fdd7ff7ff1917
195937028152500,0,18,8,0281c87fe8001917
195937028167000,1,19,8,03804b7ff8001917
195937028181100,1,20,8,047e568007ff1918
195937028195300,0,21,8,057f038007ff1917
195937028209300,0,22,8,06819d7ff7ff1917
195937028223400,1,23,8,077fe77ff8001913
195937028237500,1,24,8,087ffe7ff7ff1917
195937028251800,0,17,8,017fdd7fe8001917
195937028266400,0,18,8,0281c88007ff1917
195937028280900,1,19,8,03804b8008001917
195937028294900,1,20,8,047e568007ff1918
195937028309400,0,21,8,057f037ff7ff1917
195937028323600,0,22,8,06819d7ff7ff1917
195937028337700,1,23,8,077fe67ff7ff1913
195937028351500,1,24,8,087ffe8007ff1917
195937028365400,0,17,8,017fdd7ff8001917
195937028379400,0,18,8,0281c88008001917
195937028393200,1,19,8,03804b7ff7ff1917
195937028407200,1,20,8,047e567ff7ff1918
195937028421200,0,21,8,057f037ff8001917
195937028463800,0,22,8,06819d7ff7ff1917
195937028522900,1,23,8,077fe77ff8001913
195937028538200,1,24,8,087ffe7ff7ff1917
195937028552500,0,17,8,017fdd7ff8001917
195937028569200,0,18,8,0281c88008001917
195937028601300,1,19,8,03804b7fe7ff1917
195937028711600,1,20,8,047e567ff7ff1918
195937028811300,0,21,8,057f037ff7ff1917
195937028826400,0,22,8,06819c7ff8001917
195937028840800,1,23,8,077fe67ff8011913
195937028854700,1,24,8,087ffe7fe8001917
195937028868800,0,17,8,017fdd7ff8001917
195937028931700,0,18,8,0281c87fe7ff1917
195937028946900,1,19,8,03804b7fe7ff1917
195937028961500,1,20,8,047e567ff7fe1918
195937028975700,0,21,8,057f037ff7ff1917
195937028994300,0,22,8,06819d7fe7ff1917
195937029008800,1,23,8,077fe78008001913
195937029023100,1,24,8,087ffe7ff7ff1917
195937029037200,0,17,8,017fde7ff7ff1917
195937029051600,0,18,8,0281c88008001917
195937029065500,1,19,8,03804b7ff7ff1917
195937029079600,1,20,8,047e567fe7ff1918
195937029093200,0,21,8,057f038007ff1917
195937029107200,0,22,8,06819c7fe8001917
195937029121200,1,23,8,077fe67ff8001913
195937140811800,1,24,8,087ffe7fe8001917
195937140838700,0,17,8,017fdd7ff8001917
195937140846600,0,18,8,0281c88007ff1917
195937140853100,1,19,8,03804b7fe7ff1917
195937140874500,1,20,8,047e567ff7ff1918
195937140881200,0,21,8,057f037ff8001917
195937140887800,0,22,8,06819d7ff7ff1917
195937140896700,1,23,8,077fe67fe8001913
195937140902900,1,24,8,087ffe7ff7ff1917
195937140909700,0,17,8,017fde7ff7ff1917
195937140915700,0,18,8,0281c87ff7ff1917
195937140922000,1,19,8,03804b7ff8001917
195937140927900,1,20,8,047e567fe7ff1918
195937140934000,0,21,8,057f037ff7ff1917
195937140939800,0,22,8,06819d7ff8001917
195937140945600,1,23,8,077fe78008001913
195937140951400,1,24,8,087ffe8007ff1917
195937140957100,0,17,8,017fdd7ff7ff1917
195937140962800,0,18,8,0281c87fe8001917
195937140969400,1,19,8,03804b7ff8001917
195937140975300,1,20,8,047e567ff7ff1918
195937140981500,0,21,8,057f037ff8001917
195937140987700,0,22,8,06819d7ff7ff1917
195937140993600,1,23,8,077fe68008011913
195937140999500,1,24,8,087ffe7ff8001917
195937141005700,0,17,8,017fdd7ff8011917
195937141011500,0,18,8,0281c87ff8001917
195937141017400,1,19,8,03804b8007ff1917
195937141028500,1,20,8,047e567ff7ff1918
195937141035400,0,21,8,057f037fe8001917
195937141041400,0,22,8,06819d8007ff1917
195937141047400,1,23,8,077fe78008001913
195937141053300,1,24,8,087ffe7ff7ff1917
195937141059100,0,17,8,017fdd7ff8001917
195937141064900,0,18,8,0281c87ff7ff1917
195937141070700,1,19,8,03804b7ff7ff1917
195937141076800,1,20,8,047e567ff8001918
195937141082600,0,21,8,057f037ff8001917
195937141088300,0,22,8,06819d8007ff1917
195937141094100,1,23,8,077fe67ff8001913
195937141099900,1,24,8,087ffe7fe7ff1917
195937141105800,0,17,8,017fdd7fe7ff1917
195937141112600,0,18,8,0281c87ff8001917
195937141118500,1,19,8,03804b7ff7ff1917
195937141124400,1,20,8,047e567ff8001918
195937141130400,0,21,8,057f037ff7ff1917
195937141136400,0,22,8,06819c7fe7ff1917
195937141142600,1,23,8,077fe67ff8011913
195937141148600,1,24,8,087ffe7ff8001917
195937141154600,0,17,8,017fde8008011917
195937141160400,0,18,8,0281c87fe8001917
195937141166400,1,19,8,03804a7fe8001917
195937141172300,1,20,8,047e567ff7ff1918
195937141178100,0,21,8,057f037fe7ff1917
195937141184000,0,22,8,06819d7ff7ff1917
195937141190000,1,23,8,077fe67fe8001913
195937141195900,1,24,8,087ffe7ff8001917
195937141204100,0,17,8,017fde7ff8001917
195937141210000,0,18,8,0281c87ff8001917
195937141215800,1,19,8,03804b7fe7ff1917
195937141221500,1,20,8,047e567ff7ff1918
195937141227300,0,21,8,057f038007ff1917
195937141233100,0,22,8,06819d7ff8001917
195937141239100,1,23,8,077fe77ff8001913
195937141244900,1,24,8,087ffe8007ff1917
195937141251000,0,17,8,017fdd7ff8001917
195937141257000,0,18,8,0281c87fe8001917
195937251087700,1,19,8,03804b7fe7ff1917
195937251116800,1,20,8,047e567ff7ff1918
195937251124900,0,21,8,057f037ff8001917
195937251131800,0,22,8,06819c7fe8001917
195937251138900,1,23,8,077fe67ff8001913
195937251145400,1,24,8,087ffe8008001917
195937251151800,0,17,8,017fde7ff8001917
195937251158500,0,18,8,0281c88007ff1917
195937251165200,1,19,8,03804b7ff7ff1917
195937251171200,1,20,8,047e567fe7ff1918
195937251177500,0,21,8,057f037ff7ff1917
195937251183100,0,22,8,06819c7fe7ff1917
195937251189200,1,23,8,077fe77ff8001913
195937251195200,1,24,8,087ffe7ff7ff1917
195937251201300,0,17,8,017fde7ff8001917
195937251207400,0,18,8,0281c87ff7ff1917
195937251213500,1,19,8,03804b7ff7ff1917
195937251219300,1,20,8,047e567ff7ff1918
195937251225600,0,21,8,057f037ff8001917
195937251231200,0,22,8,06819c7ff7ff1917
195937251237200,1,23,8,077fe78008001913
195937251243000,1,24,8,087ffe7ff7ff1917
195937251248800,0,17,8,017fdd7ff7ff1917
195937251254600,0,18,8,0281c87ff8001917
195937251260300,1,19,8,03804b7ff7ff1917
195937251265900,1,20,8,047e567ff7ff1918
195937251272200,0,21,8,057f037ff7ff1917
195937251279800,0,22,8,06819d7ff7ff1917
195937251285400,1,23,8,077fe67fe8011913
195937251291200,1,24,8,087ffe7ff7ff1917
195937251297200,0,17,8,017fdd7fe8001917
195937251303400,0,18,8,0281c87ff8001917
195937251309400,1,19,8,03804b7ff8011917
195937251315400,1,20,8,047e567ff7ff1918
195937251321000,0,21,8,057f037ff7ff1917
195937251326600,0,22,8,06819d7fe8001917
195937251332900,1,23,8,077fe77ff8001913
195937251338600,1,24,8,087ffe7fe7ff1917
195937251344500,0,17,8,017fdd7ff7ff1917
195937251351100,0,18,8,0281c88008001917
195937251357000,1,19,8,03804b7fe7ff1917
195937251362700,1,20,8,047e567fe7ff1918
195937251368400,0,21,8,057f037fe7ff1917
195937251374500,0,22,8,06819c7fe7ff1917
195937251380500,1,23,8,077fe77ff8001913
195937251386400,1,24,8,087ffe8007ff1917
195937251392100,0,17,8,017fdd7ff7ff1917
195937251397700,0,18,8,0281c87ff8001917
195937251403500,1,19,8,03804b7ff8001917
195937251409300,1,20,8,047e567ff7ff1918
195937251415000,0,21,8,057f037fe8001917
195937251420800,0,22,8,06819d7ff7ff1917
195937251426600,1,23,8,077fe77fe8001913
195937251432300,1,24,8,087ffe7ff7ff1917
195937251438300,0,17,8,017fdd7fe7ff1917
195937251454900,0,18,8,0281c87ff8001917
195937251460500,1,19,8,03804b7ff7ff1917
195937251466500,1,20,8,047e567ff7ff1918
195937251472200,0,21,8,057f037ff7ff1917
195937251478400,0,22,8,06819d7ff7ff1917
195937251485500,1,23,8,077fe77fe8001913
195937251491100,1,24,8,087ffe7ff7ff1917
195937251496600,0,17,8,017fdd7ff8001917
195937251502400,0,18,8,0281c87ff8001917
195937251508000,1,19,8,03804b8008011917
195937363912800,1,20,8,047e567ff7ff1918
195937363959400,0,21,8,057f037ff8001917
195937363978300,0,22,8,06819d7ff8001917
195937363996000,1,23,8,077fe67fe8001913
195937364011600,1,24,8,087ffe7ff7ff1917
195937364026600,0,17,8,017fdd7ff8001917
195937364043400,0,18,8,0281c87ff7ff1917
195937364058200,1,19,8,03804b7ff7ff1917
195937364073300,1,20,8,047e567fe7ff1918
195937364089600,0,21,8,057f038007ff1917
195937364105400,0,22,8,06819d8008001917
195937364120100,1,23,8,077fe78008001913
195937364134400,1,24,8,087ffe7ff8001917
195937364149800,0,17,8,017fdd7ff8001917
195937364165300,0,18,8,0281c87ff8001917
195937364180400,1,19,8,03804b7fe7ff1917
195937364200700,1,20,8,047e568007fe1918
195937364219900,0,21,8,057f037ff8001917
195937364268900,0,22,8,06819c7fe7ff1917
195937364309300,1,23,8,077fe67ff8001913
195937364328400,1,24,8,087ffe7ff8001917
195937364344700,0,17,8,017fdd7ff7ff1917
195937364361000,0,18,8,0281c87ff8001917
195937364375900,1,19,8,03804b7fe8001917
195937364390400,1,20,8,047e568007ff1918
195937364405000,0,21,8,057f037fe8001917
195937364419300,0,22,8,06819d7ff8001917
195937364433600,1,23,8,077fe77ff8001913
195937364447600,1,24,8,087ffe7ff8001917
195937364461600,0,17,8,017fde7ff7ff1917
195937364475800,0,18,8,0281c87ff8001917
195937364490300,1,19,8,03804b7ff8001917
195937364504300,1,20,8,047e567ff7ff1918
195937364518700,0,21,8,057f037ff7ff1917
195937364532700,0,22,8,06819d8008001917
195937364546600,1,23,8,077fe77ff8001913
195937364560600,1,24,8,087ffe7ff8001917
195937364574200,0,17,8,017fde8007ff1917
195937364591000,0,18,8,0281c87ff7ff1917
195937364605800,1,19,8,03804b7ff8001917
195937364620000,1,20,8,047e567fe7ff1918
195937364633800,0,21,8,057f037ff7ff1917
195937364647500,0,22,8,06819d7ff7ff1917
195937364661100,1,23,8,077fe67fe8001913
195937364674900,1,24,8,087ffe7ff8001917
195937364688700,0,17,8,017fdd7ff8011917
195937364702200,0,18,8,0281c87ff8001917
195937364715900,1,19,8,03804b7fe8001917
195937364730100,1,20,8,047e567ff7ff1918
195937364743600,0,21,8,057f038007ff1917
195937364757300,0,22,8,06819c7ff7ff1917
195937364770900,1,23,8,077fe68008001913
195937364784400,1,24,8,087ffe7ff8001917
195937364798000,0,17,8,017fde7ff8001917
195937364811900,0,18,8,0281c87fe8001917
195937364825500,1,19,8,03804b7ff7ff1917
195937364839200,1,20,8,047e567ff7ff1918
195937364852800,0,21,8,057f037ff7ff1917
195937364868500,0,22,8,06819d7ff7ff1917
195937364882200,1,23,8,077fe67fe8001913
195937364895900,1,24,8,087ffe7ff7ff1917
195937364909500,0,17,8,017fdd7ff8001917
195937364923000,0,18,8,0281c87ff8001917
195937364936700,1,19,8,03804b7ff7ff1917
195937364950600,1,20,8,047e567ff7ff1918
195937364964400,0,21,8,057f037ff7ff1917
195937364978000,0,22,8,06819d7ff8001917
195937475618000,1,23,8,077fe67ff8001913
195937475647200,1,24,8,087ffe8008001917
195937475655500,0,17,8,017fde8008001917
195937475663400,0,18,8,0281c87ff7ff1917
195937475669900,1,19,8,03804b8008001917
195937475676400,1,20,8,047e567ff7ff1918
195937475682700,0,21,8,057f038007ff1917
195937475689000,0,22,8,06819d8008001917
195937475696900,1,23,8,077fe77fe8001913
195937475703600,1,24,8,087ffe7fe7ff1917
195937475709300,0,17,8,017fdd7ff7ff1917
195937475715100,0,18,8,0281c87ff8001917
195937475720800,1,19,8,03804b7fe7ff1917
195937475727300,1,20,8,047e567fe7ff1918
195937475733000,0,21,8,057f038008001917
195937475754400,0,22,8,06819d7ff8001917
195937475761000,1,23,8,077fe77ff8001913
195937475766700,1,24,8,087ffe7ff7ff1917
195937475772300,0,17,8,017fde8007ff1917
195937475782900,0,18,8,0281c87ff8001917
195937475790700,1,19,8,03804b7ff7ff1917
195937475796400,1,20,8,047e568007ff1918
195937475802600,0,21,8,057f037ff7ff1917
195937475808200,0,22,8,06819d7ff8001917
195937475814100,1,23,8,077fe67ff8011913
195937475819800,1,24,8,087ffe7ff7ff1917
195937475825600,0,17,8,017fdd7ff8001917
195937475831400,0,18,8,0281c88008001917
195937475837200,1,19,8,03804b8007ff1917
195937475843200,1,20,8,047e567fe7ff1918
195937475905000,0,21,8,057f038007ff1917
195937475912200,0,22,8,06819d7ff7ff1917
195937475918400,1,23,8,077fe77ff8011913
195937475924500,1,24,8,087ffe7ff7ff1917
195937475931200,0,17,8,017fde7ff8001917
195937475937000,0,18,8,0281c87ff7ff1917
195937475943400,1,19,8,03804b8007ff1917
195937475949000,1,20,8,047e568007ff1918
195937475954800,0,21,8,057f037ff8001917
195937475960500,0,22,8,06819d7ff7ff1917
195937475966200,1,23,8,077fe77ff8001913
195937475971800,1,24,8,087ffe7ff8001917
195937475977600,0,17,8,017fdd7ff8001917
195937475983600,0,18,8,0281c88008001917
195937475989400,1,19,8,03804b7fe7ff1917
195937475995200,1,20,8,047e567ff7ff1918
195937476000800,0,21,8,057f037fe7ff1917
195937476006800,0,22,8,06819d8007ff1917
195937476012600,1,23,8,077fe67fe8001913
195937476018400,1,24,8,087ffe7ff8001917
195937476024100,0,17,8,017fde7fe8001917
195937476029900,0,18,8,0281c87ff8001917
195937476035600,1,19,8,03804b7fe7ff1917
195937476041300,1,20,8,047e567fe7ff1918
195937476047100,0,21,8,057f037ff7ff1917
195937476052900,0,22,8,06819d7ff8001917
195937476058800,1,23,8,077fe67fe8001913
195937476064500,1,24,8,087ffe7ff8001917
195937476070500,0,17,8,017fde8008001917
195937476076200,0,18,8,0281c87ff8001917
195937476082000,1,19,8,03804b7ff7ff1917
195937476088000,1,20,8,047e568007ff1918
195937476093700,0,21,8,057f037ff7ff1917
195937476099600,0,22,8,06819d7ff8001917
195937587940700,1,23,8,077fe77ff8001913
195937587971700,1,24,8,087ffe7ff7ff1917
195937587983500,0,17,8,017fde7ff7ff1917
195937587998900,0,18,8,0281c87ff8001917
195937588009900,1,19,8,03804b7ff8001917
195937588017500,1,20,8,047e567ff7ff1918
195937588043700,0,21,8,057f038008001917
195937588065200,0,22,8,06819d7ff8001917
195937588072600,1,23,8,077fe77ff8001913
195937588078800,1,24,8,087ffe7ff7ff1917
195937588084800,0,17,8,017fdd7ff8001917
195937588090700,0,18,8,0281c87ff8001917
195937588096400,1,19,8,03804b7ff8001917
195937588102400,1,20,8,047e567fe7ff1918
195937588108300,0,21,8,057f037fe7ff1917
195937588117500,0,22,8,06819d8007ff1917
195937588126500,1,23,8,077fe77fe8001913
195937588133100,1,24,8,087ffe7ff8001917
195937588138700,0,17,8,017fdd7ff8001917
195937588145100,0,18,8,0281c87ff8001917
195937588151300,1,19,8,03804b7ff7ff1917
195937588157100,1,20,8,047e567fe7ff1918
195937588162600,0,21,8,057f037ff7ff1917
195937588168500,0,22,8,06819d7ff8001917
195937588174100,1,23,8,077fe77fe8001913
195937588180100,1,24,8,087ffe7ff7ff1917
195937588185800,0,17,8,017fdd7ff8001917
195937588191600,0,18,8,0281c87ff8001917
195937588197600,1,19,8,03804b8008001917
195937588203800,1,20,8,047e567ff7ff1918
195937588209400,0,21,8,057f037fe8001917
195937588215300,0,22,8,06819d7ff8001917
195937588221000,1,23,8,077fe67ff8001913
195937588227000,1,24,8,087ffe7ff8001917
195937588234400,0,17,8,017fdd7ff8001917
195937588240100,0,18,8,0281c88007ff1917
195937588246000,1,19,8,03804b7ff7ff1917
195937588251600,1,20,8,047e567ff7ff1918
195937588257300,0,21,8,057f038007ff1917
195937588262900,0,22,8,06819d7ff8001917
195937588268800,1,23,8,077fe77fe8001913
195937588274400,1,24,8,087ffe7fe7ff1917
195937588280200,0,17,8,017fde7ff7ff1917
195937588285800,0,18,8,0281c87ff7ff1917
195937588291500,1,19,8,03804b8007ff1917
195937588297300,1,20,8,047e567fe7fe1918
195937588303200,0,21,8,057f038008001917
195937588309000,0,22,8,06819d7ff7ff1917
195937588314700,1,23,8,077fe77ff8001913
195937588320300,1,24,8,087ffe7ff7ff1917
195937588326000,0,17,8,017fdd7ff8001917
195937588331700,0,18,8,0281c87ff7ff1917
195937588337600,1,19,8,03804b7ff7ff1917
195937588343100,1,20,8,047e567ff7ff1918
195937588348900,0,21,8,057f037fe7ff1917
195937588355500,0,22,8,06819d7ff8001917
195937588361100,1,23,8,077fe77ff8001913
195937588366900,1,24,8,087ffe8007ff1917
195937588372600,0,17,8,017fde7ff8001917
195937588378600,0,18,8,0281c87ff8001917
195937588384300,1,19,8,03804b7ff7ff1917
195937588390200,1,20,8,047e567ff7ff1918
195937588395800,0,21,8,057f037ff7ff1917
195937700398000,0,22,8,06819d7ff7ff1917
195937700442000,1,23,8,077fe77ff8001913
195937700450800,1,24,8,087ffe7fd7ff1917
195937700461900,0,17,8,017fdd7ff8001917
195937700469500,0,18,8,0281c87fe7ff1917
195937700475900,1,19,8,03804b7ff7ff1917
195937700482400,1,20,8,047e568008001918
195937700488400,0,21,8,057f038008001917
195937700494500,0,22,8,06819d8007ff1917
195937700500500,1,23,8,077fe67fe8001913
195937700506600,1,24,8,087ffe7fe7ff1917
195937700512200,0,17,8,017fdd7ff8001917
195937700518100,0,18,8,0281c87ff8001917
195937700526100,1,19,8,03804b8007ff1917
195937700534900,1,20,8,047e567ff7ff1918
195937700543500,0,21,8,057f038008001917
195937700552100,0,22,8,06819d7ff8001917
195937700562800,1,23,8,077fe67ff8011913
195937700571100,1,24,8,087ffe7fe8001917
195937700577800,0,17,8,017fdd8008001917
195937700583500,0,18,8,0281c88008001917
195937700589400,1,19,8,03804b7ff8001917
195937700595200,1,20,8,047e567ff8001918
195937700600900,0,21,8,057f038007ff1917
195937700606800,0,22,8,06819d7ff8001917
195937700613100,1,23,8,077fe67fe8011913
195937700618900,1,24,8,087ffe7ff8001917
195937700631700,0,17,8,017fdd7fe8011917
195937700637900,0,18,8,0281c87ff8001917
195937700643900,1,19,8,03804a7fe8001917
195937700649600,1,20,8,047e567ff7ff1918
195937700655600,0,21,8,057f038007ff1917
195937700661300,0,22,8,06819c7fe8001917
195937700667300,1,23,8,077fe78008011913
195937700672900,1,24,8,087ffe7ff7ff1917
195937700679600,0,17,8,017fdd7ff8001917
195937700685900,0,18,8,0281c88007ff1917
195937700691400,1,19,8,03804b7ff8001917
195937700697400,1,20,8,047e567ff7ff1918
195937700703000,0,21,8,057f037ff7ff1917
195937700709000,0,22,8,06819d7ff8001917
195937700714900,1,23,8,077fe67ff8001913
195937700720700,1,24,8,087ffe7ff7ff1917
195937700739700,0,17,8,017fde7ff8001917
195937700747400,0,18,8,0281c87ff8001917
195937700753000,1,19,8,03804a8007ff1917
195937700758900,1,20,8,047e567ff7ff1918
195937700764600,0,21,8,057f037ff7ff1917
195937700770700,0,22,8,06819d7ff8001917
195937700776500,1,23,8,077fe67fd8001913
195937700782500,1,24,8,087ffe8007ff1917
195937700788200,0,17,8,017fdd7fe8001917
195937700795700,0,18,8,0281c87ff8001917
195937700803200,1,19,8,03804b8008001917
195937700809900,1,20,8,047e567ff7ff1918
195937700815600,0,21,8,057f038007ff1917
195937700821500,0,22,8,06819c7ff8001917
195937700827200,1,23,8,077fe67fe8001913
195937700832900,1,24,8,087ffe7ff7ff1917
195937700838700,0,17,8,017fdd7ff8001917
195937700844500,0,18,8,0281c87ff8011917
195937700850300,1,19,8,03804b7ff8001917
195937700856500,1,20,8,047e567fe7ff1918
195937700862200,0,21,8,057f037fe8001917
195937700868000,0,22,8,06819d7ff8001917
195937700873600,1,23,8,077fe78008001913
195937700879300,1,24,8,087ffe7ff7fe1917
195937812506600,0,17,8,017fdd7ff8001917
195937812536200,0,18,8,0281c87ff8001917
195937812544000,1,19,8,03804b7ff8001917
195937812550500,1,20,8,047e567fe7ff1918
195937812556600,0,21,8,057f037fe8001917
195937812563000,0,22,8,06819d8007ff1917
195937812569100,1,23,8,077fe77ff8001913
195937812575100,1,24,8,087ffe7ff7ff1917
195937812584700,0,17,8,017fdd7ff8001917
195937812591100,0,18,8,0281c88008001917
195937812597000,1,19,8,03804a7ff8001917
195937812602700,1,20,8,047e567ff7ff1918
195937812608400,0,21,8,057f037fe7ff1917
195937812624100,0,22,8,06819d7ff7ff1917
195937812630200,1,23,8,077fe78008011913
195937812635900,1,24,8,087ffe8008001917
195937812641600,0,17,8,017fdd7ff8001917
195937812647500,0,18,8,0281c87ff8001917
195937812653900,1,19,8,03804b8007ff1917
195937812659700,1,20,8,047e567ff7ff1918
195937812665800,0,21,8,057f038008001917
195937812671800,0,22,8,06819c7fe8001917
195937812678200,1,23,8,077fe77ff8001913
195937812683900,1,24,8,087ffe8007ff1917
195937812689800,0,17,8,017fdd7ff8001917
195937812695400,0,18,8,0281c87ff7fe1917
195937812701500,1,19,8,03804b7ff7ff1917
195937812707200,1,20,8,047e567fe7fe1918
195937812712900,0,21,8,057f037ff7ff1917
195937812719400,0,22,8,06819d7ff8001917
195937812727700,1,23,8,077fe77ff8001913
195937812733500,1,24,8,087ffe7ff8001917
195937812741300,0,17,8,017fdd7ff8001917
195937812759800,0,18,8,0281c88007ff1917
195937812765700,1,19,8,03804a7fe8001917
195937812771400,1,20,8,047e567ff7ff1918
195937812777100,0,21,8,057f038007ff1917
195937812792100,0,22,8,06819c7ff8001917
195937812799400,1,23,8,077fe67ff8001913
195937812805200,1,24,8,087ffe7fe8001917
195937812810800,0,17,8,017fdd8008001917
195937812819200,0,18,8,0281c87fe7ff1917
195937812825000,1,19,8,03804b7ff8001917
195937812831200,1,20,8,047e567ff7ff1918
195937812858600,0,21,8,057f037ff8001917
195937812867700,0,22,8,06819d7ff8001917
195937812876600,1,23,8,077fe77ff8011913
195937812883300,1,24,8,087ffe7fe7ff1917
195937812891600,0,17,8,017fdd7ff8001917
195937812898500,0,18,8,0281c87ff7ff1917
195937812935300,1,19,8,03804b8007ff1917
195937812943400,1,20,8,047e567ff8001918
195937812949500,0,21,8,057f037ff8001917
195937812955800,0,22,8,06819d7ff7ff1917
195937812965100,1,23,8,077fe77ff8001913
195937812970900,1,24,8,087ffe7ff8001917
195937812976700,0,17,8,017fdd7ff8001917
195937812982500,0,18,8,0281c87ff7ff1917
195937812999400,1,19,8,03804b8007ff1917
195937813005400,1,20,8,047e567ff7ff1918
195937813011000,0,21,8,057f037ff8001917
195937923261100,0,22,8,06819d7ff7ff1917
195937923292700,1,23,8,077fe77ff8001913
195937923301000,1,24,8,087ffe7ff7ff1917
195937923307300,0,17,8,017fdd7ff8001917
195937923314200,0,18,8,0281c87ff7ff1917
195937923320400,1,19,8,03804b7ff7ff1917
195937923326300,1,20,8,047e567ff7ff1918
195937923332400,0,21,8,057f037ff7ff1917
195937923339100,0,22,8,06819d7ff7ff1917
195937923349000,1,23,8,077fe77ff8001913
195937923358000,1,24,8,087ffe7ff8001917
195937923366400,0,17,8,017fdd7ff8001917
195937923399900,0,18,8,0281c88008001917
195937923450000,1,19,8,03804b7ff7ff1917
195937923467200,1,20,8,047e567fe7ff1918
195937923482100,0,21,8,057f037fe8001917
195937923496500,0,22,8,06819c7ff7ff1917
195937923510900,1,23,8,077fe67fe7ff1913
195937923525000,1,24,8,087ffe7ff7ff1917
195937923540100,0,17,8,017fde7ff7ff1917
195937923554700,0,18,8,0281c87ff8001917
195937923568900,1,19,8,03804b8007ff1917
195937923583300,1,20,8,047e568007ff1918
195937923597100,0,21,8,057f037ff7ff1917
195937923610600,0,22,8,06819c8008001917
195937923624800,1,23,8,077fe77ff8001913
195937923638200,1,24,8,087ffe8007ff1917
195937923651600,0,17,8,017fde7ff7ff1917
195937923664700,0,18,8,0281c87ff8001917
195937923678200,1,19,8,03804b7ff7ff1917
195937923691400,1,20,8,047e568007ff1918
195937923704600,0,21,8,057f037ff7ff1917
195937923718100,0,22,8,06819d8007ff1917
195937923731900,1,23,8,077fe67ff8001913
195937923748200,1,24,8,087ffe8008001917
195937923761400,0,17,8,017fdd7fe8001917
195937923775300,0,18,8,0281c88008001917
195937923788500,1,19,8,03804b8007ff1917
195937923801900,1,20,8,047e567ff7ff1918
195937923815600,0,21,8,057f037fe7ff1917
195937923829600,0,22,8,06819d8008001917
195938034434500,1,23,8,077fe67fe8001913
195938034465000,1,24,8,087ffe8007ff1917
195938034475600,0,17,8,017fdd7ff8001917
195938034485600,0,18,8,0281c87ff8001917
195938034494700,1,19,8,03804b7ff8001917
195938034505400,1,20,8,047e567ff7ff1918
195938034514700,0,21,8,057f037ff8001917
195938034524300,0,22,8,06819c7ff7ff1917
195938034536800,1,23,8,077fe77ff8001913
195938034548000,1,24,8,087ffe7ff7ff1917
195938034555000,0,17,8,017fde8008001917
195938034561500,0,18,8,0281c87fe8001917
195938034570200,1,19,8,03804b7ff8001917
195938034576000,1,20,8,047e567ff7ff1918
195938034581600,0,21,8,057f037ff8001917
195938034587500,0,22,8,06819c7ff7ff1917
195938034593200,1,23,8,077fe77fe8001913
195938034599000,1,24,8,087ffe7ff7ff1917
195938034604600,0,17,8,017fdd7ff8001917
195938034610300,0,18,8,0281c87ff8001917
195938034616000,1,19,8,03804b7ff8001917
195938034621800,1,20,8,047e567ff7ff1918
195938034627500,0,21,8,057f037ff7ff1917
195938034633100,0,22,8,06819d7ff7ff1917
195938034638900,1,23,8,077fe67ff8001913
195938034644800,1,24,8,087ffe7fe7ff1917
195938034650200,0,17,8,017fdd7ff8001917
195938034656100,0,18,8,0281c87fe7ff1917
195938034661800,1,19,8,03804b7ff8001917
195938034667700,1,20,8,047e567ff7ff1918
195938034673500,0,21,8,057f037ff7ff1917
195938034679200,0,22,8,06819c7fe7ff1917
195938034684900,1,23,8,077fe77ff8011913
195938034690800,1,24,8,087ffe7ff7ff1917
195938034696400,0,17,8,017fde7ff8011917
195938034702200,0,18,8,0281c87fe8001917
195938034708000,1,19,8,03804b7ff8001917
195938034714000,1,20,8,047e567ff7ff1918
195938034719800,0,21,8,057f037ff7ff1917
195938034725600,0,22,8,06819d7ff7ff1917
195938034733500,1,23,8,077fe67ff7ff1913
195938034739200,1,24,8,087ffe7ff7ff1917
195938034745000,0,17,8,017fdd7ff8001917
195938034751400,0,18,8,0281c87fe8001917
195938034757000,1,19,8,03804b7ff7ff1917
195938034808000,1,20,8,047e567ff7ff1918
195938034827400,0,21,8,057f037fe7fe1917
195938034835600,0,22,8,06819c7fe8001917
195938034846000,1,23,8,077fe77ff8001913
195938034866100,1,24,8,087ffe7ff7ff1917
195938034882700,0,17,8,017fdd7ff8001917
195938034917800,0,18,8,0281c88008011917
195938034943500,1,19,8,03804b7ff8001917
195938034955500,1,20,8,047e568007fe1918
195938034963000,0,21,8,057f037fe8001917
195938034995000,0,22,8,06819c7fe7ff1917
195938035004100,1,23,8,077fe68008011913
195938035021100,1,24,8,087ffe7ff8001917
195938035033300,0,17,8,017fdd7ff8001917
195938035043700,0,18,8,0281c87ff8011917
195938035050600,1,19,8,03804b7ff7ff1917
195938035056600,1,20,8,047e567ff7ff1918
195938035062400,0,21,8,057f038007ff1917
195938035068200,0,22,8,06819d7ff8001917
195938035074100,1,23,8,077fe67ff8001913
195938035079900,1,24,8,087ffe7ff7ff1917
