t_host_mono_ns,kind,channel,can_id
196390827094000,mit_zero,0,1
196390827190800,mit_zero,0,2
196390827388100,mit_zero,1,3
196390827446200,mit_zero,1,4
196390827585600,mit_zero,0,5
196390827693800,mit_zero,0,6
196390827735500,mit_zero,1,7
196390827849900,mit_zero,1,8
196391027990300,mit_zero,0,1
196391029661500,mit_zero,0,2
196391030241000,mit_zero,1,3
196391031275900,mit_zero,1,4
196391032384200,mit_zero,0,5
196391033437900,mit_zero,0,6
196391034545800,mit_zero,1,7
196391035685500,mit_zero,1,8
196391036347000,mit_zero,0,1
196391037330300,mit_zero,0,2
196391038337100,mit_zero,1,3
196391039514300,mit_zero,1,4
196391040666600,mit_zero,0,5
196391041312700,mit_zero,0,6
196391042318000,mit_zero,1,7
196391043423800,mit_zero,1,8
196391044546300,mit_zero,0,1
196391045612700,mit_zero,0,2
196391046214700,mit_zero,1,3
196391047219700,mit_zero,1,4
196391048321400,mit_zero,0,5
196391049460200,mit_zero,0,6
196391050529100,mit_zero,1,7
196391051554900,mit_zero,1,8
196391052672100,mit_zero,0,1
196391053303100,mit_zero,0,2
196391054361200,mit_zero,1,3
196391055308900,mit_zero,1,4
196391056331900,mit_zero,0,5
196391057388600,mit_zero,0,6
196391058395500,mit_zero,1,7
196391059472300,mit_zero,1,8
196391060526900,mit_zero,0,1
196391061606600,mit_zero,0,2
196391062585000,mit_zero,1,3
196391063172300,mit_zero,1,4
196391064200000,mit_zero,0,5
196391065289400,mit_zero,0,6
196391066381900,mit_zero,1,7
196391067430700,mit_zero,1,8
196391068492800,mit_zero,0,1
196391069647800,mit_zero,0,2
196391070579700,mit_zero,1,3
196391071626600,mit_zero,1,4
196391072082800,mit_zero,0,5
196391073113300,mit_zero,0,6
196391074192100,mit_zero,1,7
196391075274600,mit_zero,1,8
196391076350400,mit_zero,0,1
196391077413500,mit_zero,0,2
196391078550300,mit_zero,1,3
196391079649700,mit_zero,1,4
196391080204200,mit_zero,0,5
196391081226500,mit_zero,0,6
196391082278600,mit_zero,1,7
196391083317800,mit_zero,1,8
196391084372600,mit_zero,0,1
196391085533900,mit_zero,0,2
196391086471200,mit_zero,1,3
196391087474300,mit_zero,1,4
196391088545400,mit_zero,0,5
196391089706600,mit_zero,0,6
196391090310900,mit_zero,1,7
196391091313400,mit_zero,1,8
196391092382200,mit_zero,0,1
196391093456400,mit_zero,0,2
196391094522600,mit_zero,1,3
196391095607000,mit_zero,1,4
196391096640600,mit_zero,0,5
196391097803900,mit_zero,0,6
196391098490300,mit_zero,1,7
196391099513200,mit_zero,1,8
196391100702700,mit_zero,0,1
196391101102700,mit_zero,0,2
196391102109900,mit_zero,1,3
196391103791000,mit_zero,1,4
196391104471900,mit_zero,0,5
196391105474400,mit_zero,0,6
196391106572600,mit_zero,1,7
196391107689900,mit_zero,1,8
196391108301400,mit_zero,0,1
196391109351400,mit_zero,0,2
196391110538400,mit_zero,1,3
196391111594600,mit_zero,1,4
196391112713100,mit_zero,0,5
196391113308000,mit_zero,0,6
196391114305900,mit_zero,1,7
196391115352500,mit_zero,1,8
196391116425800,mit_zero,0,1
196391117503600,mit_zero,0,2
196391118516900,mit_zero,1,3
196391119555800,mit_zero,1,4
196391120651300,mit_zero,0,5
196391121239900,mit_zero,0,6
196391122246400,mit_zero,1,7
196391123301700,mit_zero,1,8
196391124399400,mit_zero,0,1
196391125452200,mit_zero,0,2
196391126552200,mit_zero,1,3
196391127714500,mit_zero,1,4
196391128346900,mit_zero,0,5
196391129369000,mit_zero,0,6
196391130435300,mit_zero,1,7
196391131467400,mit_zero,1,8
196391132564000,mit_zero,0,1
196391133683200,mit_zero,0,2
196391134309700,mit_zero,1,3
196391135313100,mit_zero,1,4
196391136422500,mit_zero,0,5
196391137502700,mit_zero,0,6
196391138535000,mit_zero,1,7
196391139720800,mit_zero,1,8
196391140362300,mit_zero,0,1
196391141364600,mit_zero,0,2
196391142415000,mit_zero,1,3
196391143530700,mit_zero,1,4
196391144654200,mit_zero,0,5
196391145278400,mit_zero,0,6
196391146280700,mit_zero,1,7
196391147439000,mit_zero,1,8
196391148550600,mit_zero,0,1
196391149555300,mit_zero,0,2
196391150556900,mit_zero,1,3
196391151680700,mit_zero,1,4
196391152300300,mit_zero,0,5
196391153301700,mit_zero,0,6
196391154410700,mit_zero,1,7
196391155520700,mit_zero,1,8
196391156634500,mit_zero,0,1
196391157763300,mit_zero,0,2
196391158370400,mit_zero,1,3
196391159400900,mit_zero,1,4
196391160519200,mit_zero,0,5
196391161609000,mit_zero,0,6
196391162217100,mit_zero,1,7
196391163319400,mit_zero,1,8
196391164369700,mit_zero,0,1
196391165416000,mit_zero,0,2
196391166509000,mit_zero,1,3
196391167498000,mit_zero,1,4
196391168621700,mit_zero,0,5
196391169778800,mit_zero,0,6
196391170458700,mit_zero,1,7
196391171479800,mit_zero,1,8
196391172498300,mit_zero,0,1
196391173569700,mit_zero,0,2
196391174173100,mit_zero,1,3
196391175199000,mit_zero,1,4
196391176269800,mit_zero,0,5
196391177327100,mit_zero,0,6
196391178439900,mit_zero,1,7
196391179486100,mit_zero,1,8
196391180560400,mit_zero,0,1
196391181679100,mit_zero,0,2
196391182307700,mit_zero,1,3
196391183378600,mit_zero,1,4
196391184415700,mit_zero,0,5
196391185499100,mit_zero,0,6
196391186617800,mit_zero,1,7
196391187729200,mit_zero,1,8
196391188324000,mit_zero,0,1
196391189344700,mit_zero,0,2
196391190427100,mit_zero,1,3
196391191617300,mit_zero,1,4
196391192720500,mit_zero,0,5
196391193321500,mit_zero,0,6
196391194384900,mit_zero,1,7
196391195626000,mit_zero,1,8
196391196233300,mit_zero,0,1
196391197241600,mit_zero,0,2
196391198312900,mit_zero,1,3
196391199438500,mit_zero,1,4
196391200531800,mit_zero,0,5
196391201641200,mit_zero,0,6
196391202239200,mit_zero,1,7
196391203240600,mit_zero,1,8
196391204295300,mit_zero,0,1
196391205353600,mit_zero,0,2
196391206387200,mit_zero,1,3
196391207477700,mit_zero,1,4
196391208545100,mit_zero,0,5
196391209729200,mit_zero,0,6
196391210327600,mit_zero,1,7
196391211350300,mit_zero,1,8
196391212422300,mit_zero,0,1
196391213510300,mit_zero,0,2
196391214642300,mit_zero,1,3
196391215308900,mit_zero,1,4
196391216330500,mit_zero,0,5
196391217388400,mit_zero,0,6
196391218440900,mit_zero,1,7
196391219549900,mit_zero,1,8
196391220681700,mit_zero,0,1
196391221301900,mit_zero,0,2
196391222308700,mit_zero,1,3
196391223317500,mit_zero,1,4
196391224438000,mit_zero,0,5
196391225489100,mit_zero,0,6
196391226627700,mit_zero,1,7
196391227209800,mit_zero,1,8
196391228230500,mit_zero,0,1
196391229331800,mit_zero,0,2
196391230360200,mit_zero,1,3
196391231563800,mit_zero,1,4
196391232517900,mit_zero,0,5
196391233648000,mit_zero,0,6
196391234632100,mit_zero,1,7
196391235132600,mit_zero,1,8
196391236166000,mit_zero,0,1
196391237285400,mit_zero,0,2
196391238340000,mit_zero,1,3
196391239467800,mit_zero,1,4
196391240592500,mit_zero,0,5
196391241761800,mit_zero,0,6
196391242429400,mit_zero,1,7
196391243431600,mit_zero,1,8
196391244497900,mit_zero,0,1
196391245592700,mit_zero,0,2
196391246697200,mit_zero,1,3
196391247314600,mit_zero,1,4
196391248315200,mit_zero,0,5
196391249386400,mit_zero,0,6
196391250464200,mit_zero,1,7
196391251520900,mit_zero,1,8
196391252727800,mit_zero,0,1
196391253338500,mit_zero,0,2
196391254368800,mit_zero,1,3
196391255469300,mit_zero,1,4
196391256658400,mit_zero,0,5
196391257834800,mit_zero,0,6
196391258757500,mit_zero,1,7
196391259364900,mit_zero,1,8
196391260352200,mit_zero,0,1
196391261416000,mit_zero,0,2
196391262419300,mit_zero,1,3
196391263480800,mit_zero,1,4
196391264539400,mit_zero,0,5
196391265654600,mit_zero,0,6
196391266289800,mit_zero,1,7
196391267293000,mit_zero,1,8
196391268347600,mit_zero,0,1
196391269404200,mit_zero,0,2
196391270579800,mit_zero,1,3
196391271635000,mit_zero,1,4
196391272727900,mit_zero,0,5
196391273353700,mit_zero,0,6
196391274890400,mit_zero,1,7
196391275394100,mit_zero,1,8
196391276457000,mit_zero,0,1
196391277479900,mit_zero,0,2
196391278493700,mit_zero,1,3
196391279504700,mit_zero,1,4
196391280516700,mit_zero,0,5
196391281687400,mit_zero,0,6
196391282552900,mit_zero,1,7
196391283596200,mit_zero,1,8
196391284083200,mit_zero,0,1
196391285093900,mit_zero,0,2
196391286111700,mit_zero,1,3
196391287126300,mit_zero,1,4
196391288276000,mit_zero,0,5
196391289368400,mit_zero,0,6
196391291294100,mit_zero,1,7
196391291446300,mit_zero,1,8
196391293396400,mit_zero,0,1
196391293541000,mit_zero,0,2
196391294274500,mit_zero,1,3
196391295161300,mit_zero,1,4
196391296313000,mit_zero,0,5
196391297258400,mit_zero,0,6
196391298262300,mit_zero,1,7
196391299269100,mit_zero,1,8
196391300271500,mit_zero,0,1
196391301334100,mit_zero,0,2
196391302576200,mit_zero,1,3
196391303713700,mit_zero,1,4
196391304298500,mit_zero,0,5
196391305605000,mit_zero,0,6
196391306820800,mit_zero,1,7
196391307437900,mit_zero,1,8
196391308438800,mit_zero,0,1
196391309519200,mit_zero,0,2
196391310639300,mit_zero,1,3
196391311220600,mit_zero,1,4
196391312677500,mit_zero,0,5
196391314069600,mit_zero,0,6
196391314173600,mit_zero,1,7
196391315306700,mit_zero,1,8
196391316302200,mit_zero,0,1
196391317338800,mit_zero,0,2
196391318455100,mit_zero,1,3
196391319424600,mit_zero,1,4
196391320549100,mit_zero,0,5
196391321389100,mit_zero,0,6
196391322382000,mit_zero,1,7
196391323456200,mit_zero,1,8
196391324520100,mit_zero,0,1
196391325604600,mit_zero,0,2
196391326104100,mit_zero,1,3
196391327111100,mit_zero,1,4
196391328194300,mit_zero,0,5
196391329914800,mit_zero,0,6
196391330619600,mit_zero,1,7
196391331190000,mit_zero,1,8
196391332196800,mit_zero,0,1
196391333567900,mit_zero,0,2
196391334208800,mit_zero,1,3
196391335294600,mit_zero,1,4
196391336426400,mit_zero,0,5
196391337355800,mit_zero,0,6
196391338357000,mit_zero,1,7
196391339414200,mit_zero,1,8
196391340497600,mit_zero,0,1
196391341595800,mit_zero,0,2
196391342893300,mit_zero,1,3
196391343537200,mit_zero,1,4
196391344559500,mit_zero,0,5
196391345634800,mit_zero,0,6
196391346783300,mit_zero,1,7
196391347399700,mit_zero,1,8
196391348402500,mit_zero,0,1
196391349527500,mit_zero,0,2
196391350554800,mit_zero,1,3
196391351726900,mit_zero,1,4
196391352357500,mit_zero,0,5
196391353246100,mit_zero,0,6
196391354324000,mit_zero,1,7
196391355436700,mit_zero,1,8
196391356565900,mit_zero,0,1
196391357704600,mit_zero,0,2
196391358321000,mit_zero,1,3
196391359322800,mit_zero,1,4
196391360375700,mit_zero,0,5
196391361428300,mit_zero,0,6
196391362485900,mit_zero,1,7
196391363535900,mit_zero,1,8
196391364624600,mit_zero,0,1
196391365743100,mit_zero,0,2
196391366318100,mit_zero,1,3
196391367626200,mit_zero,1,4
196391368999700,mit_zero,0,5
196391369073400,mit_zero,0,6
196391370695000,mit_zero,1,7
196391371358800,mit_zero,1,8
196391372360200,mit_zero,0,1
196391373450800,mit_zero,0,2
196391374617700,mit_zero,1,3
196391375211200,mit_zero,1,4
196391376292100,mit_zero,0,5
196391377300100,mit_zero,0,6
196391378432500,mit_zero,1,7
196391379467900,mit_zero,1,8
196391380518800,mit_zero,0,1
196391381631800,mit_zero,0,2
196391382665900,mit_zero,1,3
196391383749400,mit_zero,1,4
196391384347000,mit_zero,0,5
196391385347800,mit_zero,0,6
196391386406500,mit_zero,1,7
196391387468000,mit_zero,1,8
196391388527800,mit_zero,0,1
196391389629200,mit_zero,0,2
196391390206700,mit_zero,1,3
196391391228400,mit_zero,1,4
196391392285500,mit_zero,0,5
196391393426800,mit_zero,0,6
196391394362600,mit_zero,1,7
196391395476500,mit_zero,1,8
196391396475100,mit_zero,0,1
196391397540400,mit_zero,0,2
196391398757900,mit_zero,1,3
196391399472600,mit_zero,1,4
196391400472900,mit_zero,0,5
196391401639600,mit_zero,0,6
196391402554000,mit_zero,1,7
196391403675100,mit_zero,1,8
196391404689500,mit_zero,0,1
196391405368400,mit_zero,0,2
196391406363400,mit_zero,1,3
196391407430000,mit_zero,1,4
196391408472300,mit_zero,0,5
196391409433700,mit_zero,0,6
196391410522900,mit_zero,1,7
196391411654200,mit_zero,1,8
196391412548400,mit_zero,0,1
196391413143900,mit_zero,0,2
196391414260400,mit_zero,1,3
196391415655300,mit_zero,1,4
196391416315000,mit_zero,0,5
196391417288400,mit_zero,0,6
196391418337800,mit_zero,1,7
196391419479900,mit_zero,1,8
196391420456600,mit_zero,0,1
196391421656700,mit_zero,0,2
196391422548100,mit_zero,1,3
196391423763800,mit_zero,1,4
196391424370300,mit_zero,0,5
196391425375500,mit_zero,0,6
196391426416900,mit_zero,1,7
196391427479700,mit_zero,1,8
196391428567300,mit_zero,0,1
196391429702600,mit_zero,0,2
196391430578300,mit_zero,1,3
196391431164700,mit_zero,1,4
196391432172400,mit_zero,0,5
196391433318300,mit_zero,0,6
196391434418900,mit_zero,1,7
196391435596300,mit_zero,1,8
196391436182900,mit_zero,0,1
196391437195200,mit_zero,0,2
196391438270500,mit_zero,1,3
196391439257900,mit_zero,1,4
196391440260500,mit_zero,0,5
196391441437100,mit_zero,0,6
196391442429800,mit_zero,1,7
196391443503200,mit_zero,1,8
196391444482600,mit_zero,0,1
196391445565200,mit_zero,0,2
196391446707200,mit_zero,1,3
196391447313100,mit_zero,1,4
196391448315600,mit_zero,0,5
196391449317600,mit_zero,0,6
196391450319600,mit_zero,1,7
196391451475200,mit_zero,1,8
196391452464700,mit_zero,0,1
196391453733500,mit_zero,0,2
196391454348000,mit_zero,1,3
196391455376600,mit_zero,1,4
196391456636900,mit_zero,0,5
196391457219900,mit_zero,0,6
196391458227300,mit_zero,1,7
196391459369500,mit_zero,1,8
196391460357300,mit_zero,0,1
196391461680600,mit_zero,0,2
196391462440400,mit_zero,1,3
196391463468900,mit_zero,1,4
196391464587500,mit_zero,0,5
196391465573100,mit_zero,0,6
196391466611800,mit_zero,1,7
196391467756900,mit_zero,1,8
196391468373200,mit_zero,0,1
196391469393000,mit_zero,0,2
196391470428000,mit_zero,1,3
196391471409800,mit_zero,1,4
196391472422200,mit_zero,0,5
196391473430500,mit_zero,0,6
196391474436300,mit_zero,1,7
196391475558200,mit_zero,1,8
196391476579600,mit_zero,0,1
196391477745000,mit_zero,0,2
196391478375200,mit_zero,1,3
196391479405300,mit_zero,1,4
196391480535600,mit_zero,0,5
196391481608000,mit_zero,0,6
196391482189500,mit_zero,1,7
196391483190400,mit_zero,1,8
196391484277500,mit_zero,0,1
196391485318400,mit_zero,0,2
196391486346400,mit_zero,1,3
196391487350100,mit_zero,1,4
196391488350700,mit_zero,0,5
196391489386700,mit_zero,0,6
196391490442200,mit_zero,1,7
196391491540200,mit_zero,1,8
196391492665200,mit_zero,0,1
196391493468100,mit_zero,0,2
196391494337300,mit_zero,1,3
196391495428300,mit_zero,1,4
196391496429100,mit_zero,0,5
196391497562300,mit_zero,0,6
196391498715200,mit_zero,1,7
196391499301400,mit_zero,1,8
196391500339600,mit_zero,0,1
196391501430100,mit_zero,0,2
196391502742100,mit_zero,1,3
196391503355900,mit_zero,1,4
196391504384200,mit_zero,0,5
196391505441000,mit_zero,0,6
196391506542000,mit_zero,1,7
196391507671300,mit_zero,1,8
196391508695200,mit_zero,0,1
196391509155800,mit_zero,0,2
196391510157700,mit_zero,1,3
196391511211700,mit_zero,1,4
196391512270600,mit_zero,0,5
196391513497800,mit_zero,0,6
196391514519600,mit_zero,1,7
196391515580900,mit_zero,1,8
196391516168700,mit_zero,0,1
196391517174400,mit_zero,0,2
196391518204000,mit_zero,1,3
196391519289300,mit_zero,1,4
196391520399100,mit_zero,0,5
196391521399600,mit_zero,0,6
196391522467400,mit_zero,1,7
196391523508000,mit_zero,1,8
196391524617900,mit_zero,0,1
196391525875100,mit_zero,0,2
196391526571800,mit_zero,1,3
196391527473900,mit_zero,1,4
196391528595200,mit_zero,0,5
196391529775700,mit_zero,0,6
196391530425000,mit_zero,1,7
196391531427800,mit_zero,1,8
196391532482600,mit_zero,0,1
196391533545400,mit_zero,0,2
196391534581300,mit_zero,1,3
196391535720000,mit_zero,1,4
196391536304200,mit_zero,0,5
196391537307300,mit_zero,0,6
196391538406700,mit_zero,1,7
196391539516800,mit_zero,1,8
196391540679400,mit_zero,0,1
196391541284100,mit_zero,0,2
196391542327600,mit_zero,1,3
196391543437500,mit_zero,1,4
196391544587800,mit_zero,0,5
196391545746600,mit_zero,0,6
196391546374500,mit_zero,1,7
196391547378500,mit_zero,1,8
196391548437000,mit_zero,0,1
196391549455300,mit_zero,0,2
196391550477500,mit_zero,1,3
196391551614500,mit_zero,1,4
196391552719200,mit_zero,0,5
196391553327200,mit_zero,0,6
196391554349200,mit_zero,1,7
196391555465300,mit_zero,1,8
196391556597700,mit_zero,0,1
196391557701600,mit_zero,0,2
196391558322300,mit_zero,1,3
196391559325300,mit_zero,1,4
196391560398700,mit_zero,0,5
196391561485900,mit_zero,0,6
196391562481900,mit_zero,1,7
196391563557700,mit_zero,1,8
196391564745400,mit_zero,0,1
196391565338300,mit_zero,0,2
196391566344700,mit_zero,1,3
196391567425700,mit_zero,1,4
196391568533200,mit_zero,0,5
196391569651600,mit_zero,0,6
196391570827400,mit_zero,1,7
196391571443600,mit_zero,1,8
196391572516800,mit_zero,0,1
196391573600800,mit_zero,0,2
196391574600800,mit_zero,1,3
196391575195900,mit_zero,1,4
196391576217000,mit_zero,0,5
196391577305100,mit_zero,0,6
196391578400000,mit_zero,1,7
196391579441200,mit_zero,1,8
196391580503200,mit_zero,0,1
196391581606300,mit_zero,0,2
196391582197200,mit_zero,1,3
196391583218600,mit_zero,1,4
196391584269100,mit_zero,0,5
196391585355000,mit_zero,0,6
196391586480300,mit_zero,1,7
196391587488800,mit_zero,1,8
196391588640100,mit_zero,0,1
196391589815000,mit_zero,0,2
196391590426200,mit_zero,1,3
196391591447300,mit_zero,1,4
196391592480700,mit_zero,0,5
196391593553300,mit_zero,0,6
196391594671600,mit_zero,1,7
196391595288300,mit_zero,1,8
196391596271200,mit_zero,0,1
196391597312100,mit_zero,0,2
196391598375000,mit_zero,1,3
196391599417800,mit_zero,1,4
196391600457900,mit_zero,0,5
196391601591700,mit_zero,0,6
196391602536300,mit_zero,1,7
196391603539900,mit_zero,1,8
196391604808400,mit_zero,0,1
196391605473200,mit_zero,0,2
196391606472300,mit_zero,1,3
196391607480000,mit_zero,1,4
196391608593000,mit_zero,0,5
196391609773700,mit_zero,0,6
196391610445600,mit_zero,1,7
196391611467400,mit_zero,1,8
196391612479600,mit_zero,0,1
196391613557600,mit_zero,0,2
196391614589500,mit_zero,1,3
196391615177400,mit_zero,1,4
196391616197800,mit_zero,0,5
196391617284200,mit_zero,0,6
196391618376500,mit_zero,1,7
196391619567200,mit_zero,1,8
196391620712100,mit_zero,0,1
196391621348700,mit_zero,0,2
196391622397500,mit_zero,1,3
196391623562500,mit_zero,1,4
196391624689100,mit_zero,0,5
196391625289900,mit_zero,0,6
196391626307700,mit_zero,1,7
196391627415000,mit_zero,1,8
196391628426400,mit_zero,0,1
196391629435100,mit_zero,0,2
196391630526100,mit_zero,1,3
196391631620500,mit_zero,1,4
196391632213100,mit_zero,0,5
196391633285600,mit_zero,0,6
196391634366100,mit_zero,1,7
196391635380100,mit_zero,1,8
196391636580000,mit_zero,0,1
196391637710200,mit_zero,0,2
196391638303300,mit_zero,1,3
196391639325400,mit_zero,1,4
196391640413000,mit_zero,0,5
196391641540100,mit_zero,0,6
196391642652000,mit_zero,1,7
196391643369600,mit_zero,1,8
196391644318200,mit_zero,0,1
196391645472800,mit_zero,0,2
196391646583400,mit_zero,1,3
196391647729400,mit_zero,1,4
196391648317500,mit_zero,0,5
196391649338900,mit_zero,0,6
196391650463000,mit_zero,1,7
196391651610100,mit_zero,1,8
196391652834300,mit_zero,0,1
196391653566900,mit_zero,0,2
196391654570600,mit_zero,1,3
196391655740100,mit_zero,1,4
196391656332700,mit_zero,0,5
196391657338400,mit_zero,0,6
196391658394400,mit_zero,1,7
196391659518100,mit_zero,1,8
196391660662900,mit_zero,0,1
196391661313200,mit_zero,0,2
196391662313200,mit_zero,1,3
196391663409500,mit_zero,1,4
196391664479100,mit_zero,0,5
196391665586500,mit_zero,0,6
196391666168900,mit_zero,1,7
196391667185800,mit_zero,1,8
196391668365100,mit_zero,0,1
196391669391100,mit_zero,0,2
196391670548300,mit_zero,1,3
196391671653100,mit_zero,1,4
196391672229100,mit_zero,0,5
196391673230500,mit_zero,0,6
196391674314800,mit_zero,1,7
196391675381300,mit_zero,1,8
196391676461200,mit_zero,0,1
196391677488600,mit_zero,0,2
196391678533400,mit_zero,1,3
196391679650700,mit_zero,1,4
196391680837900,mit_zero,0,5
196391681445100,mit_zero,0,6
196391682451900,mit_zero,1,7
196391683618200,mit_zero,1,8
196391684751100,mit_zero,0,1
196391685357800,mit_zero,0,2
196391686364500,mit_zero,1,3
196391687441700,mit_zero,1,4
196391688871100,mit_zero,0,5
196391689509100,mit_zero,0,6
196391690608500,mit_zero,1,7
196391691201500,mit_zero,1,8
196391692203800,mit_zero,0,1
196391693291700,mit_zero,0,2
196391694431000,mit_zero,1,3
196391695430700,mit_zero,1,4
196391696547200,mit_zero,0,5
196391697650000,mit_zero,0,6
196391698267700,mit_zero,1,7
196391699370900,mit_zero,1,8
196391700499200,mit_zero,0,1
196391701751900,mit_zero,0,2
196391702351300,mit_zero,1,3
196391703361400,mit_zero,1,4
196391704384000,mit_zero,0,5
196391705440400,mit_zero,0,6
196391706520300,mit_zero,1,7
196391707621000,mit_zero,1,8
196391708245000,mit_zero,0,1
196391709246000,mit_zero,0,2
196391710319000,mit_zero,1,3
196391711438100,mit_zero,1,4
196391712475900,mit_zero,0,5
196391713502200,mit_zero,0,6
196391714635900,mit_zero,1,7
196391715528500,mit_zero,1,8
196391716564800,mit_zero,0,1
196391717705600,mit_zero,0,2
196391718366700,mit_zero,1,3
196391719387400,mit_zero,1,4
196391720471000,mit_zero,0,5
196391721594100,mit_zero,0,6
196391722769000,mit_zero,1,7
196391723452400,mit_zero,1,8
196391724455000,mit_zero,0,1
196391725490700,mit_zero,0,2
196391726568900,mit_zero,1,3
196391727676100,mit_zero,1,4
196391728384000,mit_zero,0,5
196391729402800,mit_zero,0,6
196391730483600,mit_zero,1,7
196391731628700,mit_zero,1,8
196391732229600,mit_zero,0,1
196391733347500,mit_zero,0,2
196391734442800,mit_zero,1,3
196391735542200,mit_zero,1,4
196391736602700,mit_zero,0,5
196391737195700,mit_zero,0,6
196391738299600,mit_zero,1,7
196391739393500,mit_zero,1,8
196391740497100,mit_zero,0,1
196391741675400,mit_zero,0,2
196391742781600,mit_zero,1,3
196391743365200,mit_zero,1,4
196391744386700,mit_zero,0,5
196391745511500,mit_zero,0,6
196391746453100,mit_zero,1,7
196391747456400,mit_zero,1,8
196391748546900,mit_zero,0,1
196391749536700,mit_zero,0,2
196391750139200,mit_zero,1,3
196391751241700,mit_zero,1,4
196391752222400,mit_zero,0,5
196391753275700,mit_zero,0,6
196391754311000,mit_zero,1,7
196391755364700,mit_zero,1,8
196391756436400,mit_zero,0,1
196391757683700,mit_zero,0,2
196391758285100,mit_zero,1,3
196391759306300,mit_zero,1,4
196391760360800,mit_zero,0,5
196391761763200,mit_zero,0,6
196391762499800,mit_zero,1,7
196391763501200,mit_zero,1,8
196391764571700,mit_zero,0,1
196391765712500,mit_zero,0,2
196391766321200,mit_zero,1,3
196391767324000,mit_zero,1,4
196391768406300,mit_zero,0,5
196391769568100,mit_zero,0,6
196391770559900,mit_zero,1,7
196391771744800,mit_zero,1,8
196391772370900,mit_zero,0,1
196391773380900,mit_zero,0,2
196391774868900,mit_zero,1,3
196391775546000,mit_zero,1,4
196391776103600,mit_zero,0,5
196391777202900,mit_zero,0,6
196391778613200,mit_zero,1,7
196391779193100,mit_zero,1,8
196391780215200,mit_zero,0,1
196391781270300,mit_zero,0,2
196391782324400,mit_zero,1,3
196391783372100,mit_zero,1,4
196391784456200,mit_zero,0,5
196391785529500,mit_zero,0,6
196391786602900,mit_zero,1,7
196391787210200,mit_zero,1,8
196391788212000,mit_zero,0,1
196391789262300,mit_zero,0,2
196391790340100,mit_zero,1,3
196391791420100,mit_zero,1,4
196391792552100,mit_zero,0,5
196391793655800,mit_zero,0,6
196391795890400,mit_zero,1,7
196391796062500,mit_zero,1,8
196391796177400,mit_zero,0,1
196391797329700,mit_zero,0,2
196391798328400,mit_zero,1,3
196391799442200,mit_zero,1,4
196391800449800,mit_zero,0,5
196391801424500,mit_zero,0,6
196391802421300,mit_zero,1,7
196391803423100,mit_zero,1,8
196391804670500,mit_zero,0,1
196391805608600,mit_zero,0,2
196391806454300,mit_zero,1,3
196391808107400,mit_zero,1,4
196391808499600,mit_zero,0,5
196391809229000,mit_zero,0,6
196391810235000,mit_zero,1,7
196391811387400,mit_zero,1,8
196391812967800,mit_zero,0,1
196391813694900,mit_zero,0,2
196391814359700,mit_zero,1,3
196391815320000,mit_zero,1,4
196391816405700,mit_zero,0,5
196391817433300,mit_zero,0,6
196391818473400,mit_zero,1,7
196391819932800,mit_zero,1,8
196391820544400,mit_zero,0,1
196391821925200,mit_zero,0,2
196391822570900,mit_zero,1,3
196391823646400,mit_zero,1,4
196391824578800,mit_zero,0,5
196391825583200,mit_zero,0,6
196391826085500,mit_zero,1,7
196391827696200,mit_zero,1,8
196391828693800,mit_zero,0,1
196391829206200,mit_zero,0,2
196391830196800,mit_zero,1,3
196391831301300,mit_zero,1,4
196391832405600,mit_zero,0,5
196391833407700,mit_zero,0,6
196391834412400,mit_zero,1,7
196391835503200,mit_zero,1,8
196391836585400,mit_zero,0,1
196391837724300,mit_zero,0,2
196391838366100,mit_zero,1,3
196391839517500,mit_zero,1,4
196391840378600,mit_zero,0,5
196391841382100,mit_zero,0,6
196391842388700,mit_zero,1,7
196391843393200,mit_zero,1,8
196391844507400,mit_zero,0,1
196391845598100,mit_zero,0,2
196391846206700,mit_zero,1,3
196391847208700,mit_zero,1,4
196391848306400,mit_zero,0,5
196391849454300,mit_zero,0,6
196391850459100,mit_zero,1,7
196391851595700,mit_zero,1,8
196391852768200,mit_zero,0,1
196391853408300,mit_zero,0,2
196391854408000,mit_zero,1,3
196391855415000,mit_zero,1,4
196391856421400,mit_zero,0,5
196391857476800,mit_zero,0,6
196391858674600,mit_zero,1,7
196391859280000,mit_zero,1,8
196391860283800,mit_zero,0,1
196391861292700,mit_zero,0,2
196391862299700,mit_zero,1,3
196391863309300,mit_zero,1,4
196391864309700,mit_zero,0,5
196391865404800,mit_zero,0,6
196391866583800,mit_zero,1,7
196391867648100,mit_zero,1,8
196391868242100,mit_zero,0,1
196391869251500,mit_zero,0,2
196391870317700,mit_zero,1,3
196391871258000,mit_zero,1,4
196391872344900,mit_zero,0,5
196391873436200,mit_zero,0,6
196391874476800,mit_zero,1,7
196391875603900,mit_zero,1,8
196391876193100,mit_zero,0,1
196391877197200,mit_zero,0,2
196391878259900,mit_zero,1,3
196391879634500,mit_zero,1,4
196391880628000,mit_zero,0,5
196391881619100,mit_zero,0,6
196391882209800,mit_zero,1,7
196391883231900,mit_zero,1,8
196391884236400,mit_zero,0,1
196391885218800,mit_zero,0,2
196391886224500,mit_zero,1,3
196391887231700,mit_zero,1,4
196391888230500,mit_zero,0,5
196391889233700,mit_zero,0,6
196391890239500,mit_zero,1,7
196391891245800,mit_zero,1,8
196391892365200,mit_zero,0,1
196391893398000,mit_zero,0,2
196391894413600,mit_zero,1,3
196391895428600,mit_zero,1,4
196391896437200,mit_zero,0,5
196391897436900,mit_zero,0,6
196391898461300,mit_zero,1,7
196391899563200,mit_zero,1,8
196391900788700,mit_zero,0,1
196391901410700,mit_zero,0,2
196391902410200,mit_zero,1,3
196391903463600,mit_zero,1,4
196391904470400,mit_zero,0,5
196391905478100,mit_zero,0,6
196391906627300,mit_zero,1,7
196391907530900,mit_zero,1,8
196391908527500,mit_zero,0,1
196391909618000,mit_zero,0,2
196391910185500,mit_zero,1,3
196391911192800,mit_zero,1,4
196391912215500,mit_zero,0,5
196391913705000,mit_zero,0,6
196391914309200,mit_zero,1,7
196391915310900,mit_zero,1,8
196391916409400,mit_zero,0,1
196391917322500,mit_zero,0,2
196391918396900,mit_zero,1,3
196391919481400,mit_zero,1,4
196391920615200,mit_zero,0,5
196391921615900,mit_zero,0,6
196391922233500,mit_zero,1,7
196391923233000,mit_zero,1,8
196391924347200,mit_zero,0,1
196391925491800,mit_zero,0,2
196391926624400,mit_zero,1,3
196391927221900,mit_zero,1,4
196391928224200,mit_zero,0,5
196391929345200,mit_zero,0,6
196391930429500,mit_zero,1,7
196391931602800,mit_zero,1,8
196391932784400,mit_zero,0,1
196391933401500,mit_zero,0,2
196391934398700,mit_zero,1,3
196391935471200,mit_zero,1,4
196391936591500,mit_zero,0,5
196391937708500,mit_zero,0,6
196391938320700,mit_zero,1,7
196391939322900,mit_zero,1,8
196391940420300,mit_zero,0,1
196391941419100,mit_zero,0,2
196391942423800,mit_zero,1,3
196391943496000,mit_zero,1,4
196391944587700,mit_zero,0,5
196391945732200,mit_zero,0,6
196391946322900,mit_zero,1,7
196391947393100,mit_zero,1,8
196391948475900,mit_zero,0,1
196391949618500,mit_zero,0,2
196391950733400,mit_zero,1,3
196391951329300,mit_zero,1,4
196391952331500,mit_zero,0,5
196391953352300,mit_zero,0,6
196391954450000,mit_zero,1,7
196391955529500,mit_zero,1,8
196391956646900,mit_zero,0,1
196391957258800,mit_zero,0,2
196391958265300,mit_zero,1,3
196391959307600,mit_zero,1,4
196391960463600,mit_zero,0,5
196391961588500,mit_zero,0,6
196391962639800,mit_zero,1,7
196391963070500,mit_zero,1,8
196391964727100,mit_zero,0,1
196391965351200,mit_zero,0,2
196391966356800,mit_zero,1,3
196391967420800,mit_zero,1,4
196391968497700,mit_zero,0,5
196391969608900,mit_zero,0,6
196391970808000,mit_zero,1,7
196391971582800,mit_zero,1,8
196391972482700,mit_zero,0,1
196391973544000,mit_zero,0,2
196391974630200,mit_zero,1,3
196391975617400,mit_zero,1,4
196391976194100,mit_zero,0,5
196391977199300,mit_zero,0,6
196391978379600,mit_zero,1,7
196391979426400,mit_zero,1,8
196391980547500,mit_zero,0,1
196391981667500,mit_zero,0,2
196391982283900,mit_zero,1,3
196391983288500,mit_zero,1,4
196391984370900,mit_zero,0,5
196391985457200,mit_zero,0,6
196391986567100,mit_zero,1,7
196391987688700,mit_zero,1,8
196391988297700,mit_zero,0,1
196391989298700,mit_zero,0,2
196391990408300,mit_zero,1,3
196391991413300,mit_zero,1,4
196391992452400,mit_zero,0,5
196391993711200,mit_zero,0,6
196391994559000,mit_zero,1,7
196391995559900,mit_zero,1,8
196391996728200,mit_zero,0,1
196391997329800,mit_zero,0,2
196391998326400,mit_zero,1,3
196391999452400,mit_zero,1,4
196392000562600,mit_zero,0,5
196392001690100,mit_zero,0,6
196392002303300,mit_zero,1,7
196392003303400,mit_zero,1,8
196392004337400,mit_zero,0,1
196392005484500,mit_zero,0,2
196392006529000,mit_zero,1,3
196392007621000,mit_zero,1,4
196392008209800,mit_zero,0,5
196392009438100,mit_zero,0,6
196392010260300,mit_zero,1,7
196392011222900,mit_zero,1,8
196392012306900,mit_zero,0,1
196392013372100,mit_zero,0,2
196392014467900,mit_zero,1,3
196392015631000,mit_zero,1,4
196392016204200,mit_zero,0,5
196392017208200,mit_zero,0,6
196392018289500,mit_zero,1,7
196392019375800,mit_zero,1,8
196392020436200,mit_zero,0,1
196392021563100,mit_zero,0,2
196392022695100,mit_zero,1,3
196392023297700,mit_zero,1,4
196392024551600,mit_zero,0,5
196392025426600,mit_zero,0,6
196392026431700,mit_zero,1,7
196392027596000,mit_zero,1,8
196392028669400,mit_zero,0,1
196392029310200,mit_zero,0,2
196392030321400,mit_zero,1,3
196392031346700,mit_zero,1,4
196392032406700,mit_zero,0,5
196392033483300,mit_zero,0,6
196392034546700,mit_zero,1,7
196392035106800,mit_zero,1,8
196392036127800,mit_zero,0,1
196392037184600,mit_zero,0,2
196392038294500,mit_zero,1,3
196392039368300,mit_zero,1,4
196392040335200,mit_zero,0,5
196392041344700,mit_zero,0,6
196392042424300,mit_zero,1,7
196392043530100,mit_zero,1,8
196392044625400,mit_zero,0,1
196392045225600,mit_zero,0,2
196392046229200,mit_zero,1,3
196392047239700,mit_zero,1,4
196392048319300,mit_zero,0,5
196392049397100,mit_zero,0,6
196392050437200,mit_zero,1,7
196392051518000,mit_zero,1,8
196392052648600,mit_zero,0,1
196392053337400,mit_zero,0,2
196392054271700,mit_zero,1,3
196392055461600,mit_zero,1,4
196392056570900,mit_zero,0,5
196392057686100,mit_zero,0,6
196392058304400,mit_zero,1,7
196392059337400,mit_zero,1,8
196392060484600,mit_zero,0,1
196392061562300,mit_zero,0,2
196392062597100,mit_zero,1,3
196392063202700,mit_zero,1,4
196392064223200,mit_zero,0,5
196392065328900,mit_zero,0,6
196392066399200,mit_zero,1,7
196392067453400,mit_zero,1,8
196392068517100,mit_zero,0,1
196392069608700,mit_zero,0,2
196392070186900,mit_zero,1,3
196392071271200,mit_zero,1,4
196392073060500,mit_zero,0,5
196392073158400,mit_zero,0,6
196392074820500,mit_zero,1,7
196392075461400,mit_zero,1,8
196392076586500,mit_zero,0,1
196392077546100,mit_zero,0,2
196392078148900,mit_zero,1,3
196392079230100,mit_zero,1,4
196392080288000,mit_zero,0,5
196392081340800,mit_zero,0,6
196392082398000,mit_zero,1,7
196392083518700,mit_zero,1,8
196392084599300,mit_zero,0,1
196392085585500,mit_zero,0,2
196392086735900,mit_zero,1,3
196392087553700,mit_zero,1,4
196392088588600,mit_zero,0,5
196392089728500,mit_zero,0,6
196392090330300,mit_zero,1,7
196392091343600,mit_zero,1,8
196392092393900,mit_zero,0,1
196392093440400,mit_zero,0,2
196392094552200,mit_zero,1,3
196392095569300,mit_zero,1,4
196392096659000,mit_zero,0,5
196392097312000,mit_zero,0,6
196392098398500,mit_zero,1,7
196392099498700,mit_zero,1,8
196392100502000,mit_zero,0,1
196392101682500,mit_zero,0,2
196392102888500,mit_zero,1,3
196392103980500,mit_zero,1,4
196392104572200,mit_zero,0,5
196392105594800,mit_zero,0,6
196392106939700,mit_zero,1,7
196392107557800,mit_zero,1,8
196392108561800,mit_zero,0,1
196392109581900,mit_zero,0,2
196392110170800,mit_zero,1,3
196392111367000,mit_zero,1,4
196392112345200,mit_zero,0,5
196392113369400,mit_zero,0,6
196392114500200,mit_zero,1,7
196392115608100,mit_zero,1,8
196392116189600,mit_zero,0,1
196392117199200,mit_zero,0,2
196392118445800,mit_zero,1,3
196392119795600,mit_zero,1,4
196392120300100,mit_zero,0,5
196392121302100,mit_zero,0,6
196392122379400,mit_zero,1,7
196392123454400,mit_zero,1,8
196392124457600,mit_zero,0,1
196392125547800,mit_zero,0,2
196392126645000,mit_zero,1,3
196392127742600,mit_zero,1,4
196392128500900,mit_zero,0,5
196392129454700,mit_zero,0,6
196392130541300,mit_zero,1,7
196392131547000,mit_zero,1,8
196392132646800,mit_zero,0,1
196392133328800,mit_zero,0,2
196392134745000,mit_zero,1,3
196392135444000,mit_zero,1,4
196392136450900,mit_zero,0,5
196392137510500,mit_zero,0,6
196392138757400,mit_zero,1,7
196392139414100,mit_zero,1,8
196392140489000,mit_zero,0,1
196392141495400,mit_zero,0,2
196392142712600,mit_zero,1,3
196392143296800,mit_zero,1,4
196392144446500,mit_zero,0,5
196392145513800,mit_zero,0,6
196392146609000,mit_zero,1,7
196392147691200,mit_zero,1,8
196392148291100,mit_zero,0,1
196392149397300,mit_zero,0,2
196392150804000,mit_zero,1,3
196392151407800,mit_zero,1,4
196392152411000,mit_zero,0,5
196392153475500,mit_zero,0,6
196392154559600,mit_zero,1,7
196392155671500,mit_zero,1,8
196392156224500,mit_zero,0,1
196392157230600,mit_zero,0,2
196392158338400,mit_zero,1,3
196392159399300,mit_zero,1,4
196392160501200,mit_zero,0,5
196392161503200,mit_zero,0,6
196392162595700,mit_zero,1,7
196392163163600,mit_zero,1,8
196392164184900,mit_zero,0,1
196392165424900,mit_zero,0,2
196392167354900,mit_zero,1,3
196392167435000,mit_zero,1,4
196392168376100,mit_zero,0,5
196392169427200,mit_zero,0,6
196392170511300,mit_zero,1,7
196392171578300,mit_zero,1,8
196392172724800,mit_zero,0,1
196392173337700,mit_zero,0,2
196392174337700,mit_zero,1,3
196392175400900,mit_zero,1,4
196392176609200,mit_zero,0,5
196392177697200,mit_zero,0,6
196392178292100,mit_zero,1,7
196392179352300,mit_zero,1,8
196392180560300,mit_zero,0,1
196392181813900,mit_zero,0,2
196392182437000,mit_zero,1,3
196392183439400,mit_zero,1,4
196392184566300,mit_zero,0,5
196392185723800,mit_zero,0,6
196392186360600,mit_zero,1,7
196392187362800,mit_zero,1,8
196392188452800,mit_zero,0,1
196392189540300,mit_zero,0,2
196392190678800,mit_zero,1,3
196392191304100,mit_zero,1,4
196392192282400,mit_zero,0,5
196392193334200,mit_zero,0,6
196392194391100,mit_zero,1,7
196392195510500,mit_zero,1,8
196392196727100,mit_zero,0,1
196392197877600,mit_zero,0,2
196392198457600,mit_zero,1,3
196392199479400,mit_zero,1,4
196392200551700,mit_zero,0,5
196392201658700,mit_zero,0,6
196392202285700,mit_zero,1,7
196392203288000,mit_zero,1,8
196392204354700,mit_zero,0,1
196392205446500,mit_zero,0,2
196392206595800,mit_zero,1,3
196392207597600,mit_zero,1,4
196392208185600,mit_zero,0,5
196392209207500,mit_zero,0,6
196392210287700,mit_zero,1,7
196392211438000,mit_zero,1,8
196392212531500,mit_zero,0,1
196392213648800,mit_zero,0,2
196392214274600,mit_zero,1,3
196392215276900,mit_zero,1,4
196392216406800,mit_zero,0,5
196392217472600,mit_zero,0,6
196392218610800,mit_zero,1,7
196392219670600,mit_zero,1,8
196392220228000,mit_zero,0,1
196392221231000,mit_zero,0,2
196392222310700,mit_zero,1,3
196392223400100,mit_zero,1,4
196392224509000,mit_zero,0,5
196392225096300,mit_zero,0,6
196392226193900,mit_zero,1,7
196392227179200,mit_zero,1,8
196392228362800,mit_zero,0,1
196392230254200,mit_zero,0,2
196392230359200,mit_zero,1,3
196392231225800,mit_zero,1,4
196392232229600,mit_zero,0,5
196392233365600,mit_zero,0,6
196392234400600,mit_zero,1,7
196392235501000,mit_zero,1,8
196392236555900,mit_zero,0,1
196392237644900,mit_zero,0,2
196392238248900,mit_zero,1,3
196392239271000,mit_zero,1,4
196392240350600,mit_zero,0,5
196392241449100,mit_zero,0,6
196392242464300,mit_zero,1,7
196392243628800,mit_zero,1,8
196392244480400,mit_zero,0,1
196392245483400,mit_zero,0,2
196392246562200,mit_zero,1,3
196392247657100,mit_zero,1,4
196392248276100,mit_zero,0,5
196392249373600,mit_zero,0,6
196392250377300,mit_zero,1,7
196392251500200,mit_zero,1,8
196392252557400,mit_zero,0,1
196392253683500,mit_zero,0,2
196392254302400,mit_zero,1,3
196392255306900,mit_zero,1,4
196392256390800,mit_zero,0,5
196392257506000,mit_zero,0,6
196392258834500,mit_zero,1,7
196392259463900,mit_zero,1,8
196392260457300,mit_zero,0,1
196392261555800,mit_zero,0,2
196392262557200,mit_zero,1,3
196392263692500,mit_zero,1,4
196392264332400,mit_zero,0,5
196392265334300,mit_zero,0,6
196392266425700,mit_zero,1,7
196392267452700,mit_zero,1,8
196392268544600,mit_zero,0,1
196392269584000,mit_zero,0,2
196392270638800,mit_zero,1,3
196392271228400,mit_zero,1,4
196392272230900,mit_zero,0,5
196392273289900,mit_zero,0,6
196392274444200,mit_zero,1,7
196392275570400,mit_zero,1,8
196392276110400,mit_zero,0,1
196392277122800,mit_zero,0,2
196392278184900,mit_zero,1,3
196392279221400,mit_zero,1,4
196392280273100,mit_zero,0,5
196392281361600,mit_zero,0,6
196392282432200,mit_zero,1,7
196392283502400,mit_zero,1,8
196392284651600,mit_zero,0,1
196392285644600,mit_zero,0,2
196392286233400,mit_zero,1,3
196392287237300,mit_zero,1,4
196392288301300,mit_zero,0,5
196392289461700,mit_zero,0,6
196392290799400,mit_zero,1,7
196392291432200,mit_zero,1,8
196392292435200,mit_zero,0,1
196392293551900,mit_zero,0,2
196392294734000,mit_zero,1,3
196392295356100,mit_zero,1,4
196392296358700,mit_zero,0,5
196392297425300,mit_zero,0,6
196392298467700,mit_zero,1,7
196392299523800,mit_zero,1,8
196392300602700,mit_zero,0,1
196392301103000,mit_zero,0,2
196392302110400,mit_zero,1,3
196392303755500,mit_zero,1,4
196392304342100,mit_zero,0,5
196392305491000,mit_zero,0,6
196392306351500,mit_zero,1,7
196392307352700,mit_zero,1,8
196392308471800,mit_zero,0,1
196392309588300,mit_zero,0,2
196392310168200,mit_zero,1,3
196392311189600,mit_zero,1,4
196392312249900,mit_zero,0,5
196392313287500,mit_zero,0,6
196392314340200,mit_zero,1,7
196392315417400,mit_zero,1,8
196392316496500,mit_zero,0,1
196392317625600,mit_zero,0,2
196392318235500,mit_zero,1,3
196392319257400,mit_zero,1,4
196392320333400,mit_zero,0,5
196392321957100,mit_zero,0,6
196392323447200,mit_zero,1,7
196392323564100,mit_zero,1,8
196392324431000,mit_zero,0,1
196392325544900,mit_zero,0,2
196392326594200,mit_zero,1,3
196392327693500,mit_zero,1,4
196392328304500,mit_zero,0,5
196392329445100,mit_zero,0,6
196392330548500,mit_zero,1,7
196392331651000,mit_zero,1,8
196392332246200,mit_zero,0,1
196392333246900,mit_zero,0,2
196392334318900,mit_zero,1,3
196392335393100,mit_zero,1,4
196392336518900,mit_zero,0,5
196392337701600,mit_zero,0,6
196392338602800,mit_zero,1,7
196392339195400,mit_zero,1,8
196392340217200,mit_zero,0,1
196392341271300,mit_zero,0,2
196392342312000,mit_zero,1,3
196392343419300,mit_zero,1,4
196392344524600,mit_zero,0,5
196392345622400,mit_zero,0,6
196392346203000,mit_zero,1,7
196392347227600,mit_zero,1,8
196392348307500,mit_zero,0,1
196392349451000,mit_zero,0,2
196392350549500,mit_zero,1,3
196392351655500,mit_zero,1,4
196392352235600,mit_zero,0,5
196392353327000,mit_zero,0,6
196392354490500,mit_zero,1,7
196392355616800,mit_zero,1,8
196392356606800,mit_zero,0,1
196392357203700,mit_zero,0,2
196392358206700,mit_zero,1,3
196392359326200,mit_zero,1,4
196392360324900,mit_zero,0,5
196392361446300,mit_zero,0,6
196392362435000,mit_zero,1,7
196392363497200,mit_zero,1,8
196392364666300,mit_zero,0,1
196392365275300,mit_zero,0,2
196392366274600,mit_zero,1,3
196392367377200,mit_zero,1,4
196392368511300,mit_zero,0,5
196392369399600,mit_zero,0,6
196392370396800,mit_zero,1,7
196392371537300,mit_zero,1,8
196392372516400,mit_zero,0,1
196392373609500,mit_zero,0,2
196392374190100,mit_zero,1,3
196392375255200,mit_zero,1,4
196392376290000,mit_zero,0,5
196392377385900,mit_zero,0,6
196392378429700,mit_zero,1,7
196392379465200,mit_zero,1,8
196392380578700,mit_zero,0,1
196392381730600,mit_zero,0,2
196392382420700,mit_zero,1,3
196392383506000,mit_zero,1,4
196392384431600,mit_zero,0,5
196392385453900,mit_zero,0,6
196392386596900,mit_zero,1,7
196392387692200,mit_zero,1,8
196392388293000,mit_zero,0,1
196392389317600,mit_zero,0,2
196392390369600,mit_zero,1,3
196392391513100,mit_zero,1,4
196392392458700,mit_zero,0,5
196392393558000,mit_zero,0,6
196392394557400,mit_zero,1,7
196392395643800,mit_zero,1,8
196392396240200,mit_zero,0,1
196392397248300,mit_zero,0,2
196392398303000,mit_zero,1,3
196392399561300,mit_zero,1,4
196392400706300,mit_zero,0,5
196392401342200,mit_zero,0,6
196392402334500,mit_zero,1,7
196392403343100,mit_zero,1,8
196392404479600,mit_zero,0,1
196392405467900,mit_zero,0,2
196392406481700,mit_zero,1,3
196392407482100,mit_zero,1,4
196392408511800,mit_zero,0,5
196392409587800,mit_zero,0,6
196392410171800,mit_zero,1,7
196392411175800,mit_zero,1,8
196392412225600,mit_zero,0,1
196392413279800,mit_zero,0,2
196392414385700,mit_zero,1,3
196392415483100,mit_zero,1,4
196392416884300,mit_zero,0,5
196392417556100,mit_zero,0,6
196392418561400,mit_zero,1,7
196392419636800,mit_zero,1,8
196392420733600,mit_zero,0,1
196392421331000,mit_zero,0,2
196392422330800,mit_zero,1,3
196392423451300,mit_zero,1,4
196392424601700,mit_zero,0,5
196392425165500,mit_zero,0,6
196392426202700,mit_zero,1,7
196392427261600,mit_zero,1,8
196392428369600,mit_zero,0,1
196392429340400,mit_zero,0,2
196392431063700,mit_zero,1,3
196392431632400,mit_zero,1,4
196392432301800,mit_zero,0,5
196392433342900,mit_zero,0,6
196392434426400,mit_zero,1,7
196392435585300,mit_zero,1,8
196392436086900,mit_zero,0,1
196392437093300,mit_zero,0,2
196392438202200,mit_zero,1,3
196392439238600,mit_zero,1,4
196392440216100,mit_zero,0,5
196392441226000,mit_zero,0,6
196392442304900,mit_zero,1,7
196392443324000,mit_zero,1,8
196392444508700,mit_zero,0,1
196392445479800,mit_zero,0,2
196392446622500,mit_zero,1,3
196392447754100,mit_zero,1,4
196392448375500,mit_zero,0,5
196392449397700,mit_zero,0,6
196392450528000,mit_zero,1,7
196392451632200,mit_zero,1,8
196392452225100,mit_zero,0,1
196392453232500,mit_zero,0,2
196392454322200,mit_zero,1,3
196392455425400,mit_zero,1,4
196392456460800,mit_zero,0,5
196392457500600,mit_zero,0,6
196392458653700,mit_zero,1,7
196392459607000,mit_zero,1,8
196392460108600,mit_zero,0,1
196392461115700,mit_zero,0,2
196392462214100,mit_zero,1,3
196392463438100,mit_zero,1,4
196392464592200,mit_zero,0,5
196392465572900,mit_zero,0,6
196392466074600,mit_zero,1,7
196392467666300,mit_zero,1,8
196392468306700,mit_zero,0,1
196392469309300,mit_zero,0,2
196392470387200,mit_zero,1,3
196392471514400,mit_zero,1,4
196392472637400,mit_zero,0,5
196392473298600,mit_zero,0,6
196392474302900,mit_zero,1,7
196392475459900,mit_zero,1,8
196392476598000,mit_zero,0,1
196392477208600,mit_zero,0,2
196392478283700,mit_zero,1,3
196392479381100,mit_zero,1,4
196392480472100,mit_zero,0,5
196392481564900,mit_zero,0,6
196392482601600,mit_zero,1,7
196392483191600,mit_zero,1,8
196392484192900,mit_zero,0,1
196392485229600,mit_zero,0,2
196392486574400,mit_zero,1,3
196392487556700,mit_zero,1,4
196392488691400,mit_zero,0,5
196392489276500,mit_zero,0,6
196392490278900,mit_zero,1,7
196392491364100,mit_zero,1,8
196392492370300,mit_zero,0,1
196392493468600,mit_zero,0,2
196392494433800,mit_zero,1,3
196392495434400,mit_zero,1,4
196392496595000,mit_zero,0,5
196392497182100,mit_zero,0,6
196392498212400,mit_zero,1,7
196392499282300,mit_zero,1,8
196392500354700,mit_zero,0,1
196392501405700,mit_zero,0,2
196392502468100,mit_zero,1,3
196392503612100,mit_zero,1,4
196392504287700,mit_zero,0,5
196392505290800,mit_zero,0,6
196392506374500,mit_zero,1,7
196392507503100,mit_zero,1,8
196392508633400,mit_zero,0,1
196392509224800,mit_zero,0,2
196392510226800,mit_zero,1,3
196392511357400,mit_zero,1,4
196392512432200,mit_zero,0,5
196392513562800,mit_zero,0,6
196392514546400,mit_zero,1,7
196392515047900,mit_zero,1,8
196392516050100,mit_zero,0,1
196392517704200,mit_zero,0,2
196392518344800,mit_zero,1,3
196392519333600,mit_zero,1,4
196392520441700,mit_zero,0,5
196392521432200,mit_zero,0,6
196392522501000,mit_zero,1,7
196392523578200,mit_zero,1,8
196392524283800,mit_zero,0,1
196392525918400,mit_zero,0,2
196392526540100,mit_zero,1,3
196392527570000,mit_zero,1,4
196392528586400,mit_zero,0,5
196392529182800,mit_zero,0,6
196392530203800,mit_zero,1,7
196392531262700,mit_zero,1,8
196392532635600,mit_zero,0,1
196392533223000,mit_zero,0,2
196392534245800,mit_zero,1,3
196392535292400,mit_zero,1,4
196392536348700,mit_zero,0,5
196392537440100,mit_zero,0,6
196392538441100,mit_zero,1,7
196392539625100,mit_zero,1,8
196392540799500,mit_zero,0,1
196392541842400,mit_zero,0,2
196392542496200,mit_zero,1,3
196392543519300,mit_zero,1,4
196392544607000,mit_zero,0,5
196392545210400,mit_zero,0,6
196392546297700,mit_zero,1,7
196392547296900,mit_zero,1,8
196392548430700,mit_zero,0,1
196392549396800,mit_zero,0,2
196392550470200,mit_zero,1,3
196392551542600,mit_zero,1,4
196392552609600,mit_zero,0,5
196392553194700,mit_zero,0,6
196392554201300,mit_zero,1,7
196392555447800,mit_zero,1,8
196392556819400,mit_zero,0,1
196392557430000,mit_zero,0,2
196392558429300,mit_zero,1,3
196392559433600,mit_zero,1,4
196392560435500,mit_zero,0,5
196392561597900,mit_zero,0,6
196392562550600,mit_zero,1,7
196392563169100,mit_zero,1,8
196392564335800,mit_zero,0,1
196392565410800,mit_zero,0,2
196392566584900,mit_zero,1,3
196392567727500,mit_zero,1,4
196392568359700,mit_zero,0,5
196392569381300,mit_zero,0,6
196392570522600,mit_zero,1,7
196392571495500,mit_zero,1,8
196392572444700,mit_zero,0,1
196392573492600,mit_zero,0,2
196392574625500,mit_zero,1,3
196392575203000,mit_zero,1,4
196392576224500,mit_zero,0,5
196392577286600,mit_zero,0,6
196392578327700,mit_zero,1,7
196392579406300,mit_zero,1,8
196392580489500,mit_zero,0,1
196392581541300,mit_zero,0,2
196392582501700,mit_zero,1,3
196392583649300,mit_zero,1,4
196392584282500,mit_zero,0,5
196392585304400,mit_zero,0,6
196392586449700,mit_zero,1,7
196392587867500,mit_zero,1,8
196392588441700,mit_zero,0,1
196392589444500,mit_zero,0,2
196392590516600,mit_zero,1,3
196392591569400,mit_zero,1,4
196392592712400,mit_zero,0,5
196392593299400,mit_zero,0,6
196392594301400,mit_zero,1,7
196392595354700,mit_zero,1,8
196392596423000,mit_zero,0,1
196392597441900,mit_zero,0,2
196392598493800,mit_zero,1,3
196392599530300,mit_zero,1,4
196392600111300,mit_zero,0,5
196392601150900,mit_zero,0,6
196392602479300,mit_zero,1,7
196392604226600,mit_zero,1,8
196392604310700,mit_zero,0,1
196392605233900,mit_zero,0,2
196392606641600,mit_zero,1,3
196392607587700,mit_zero,1,4
196392608105200,mit_zero,0,5
196392609118900,mit_zero,0,6
196392610630200,mit_zero,1,7
196392611619300,mit_zero,1,8
196392612120500,mit_zero,0,1
196392613128200,mit_zero,0,2
196392614149300,mit_zero,1,3
196392615150500,mit_zero,1,4
196392616178300,mit_zero,0,5
196392617557600,mit_zero,0,6
196392618497100,mit_zero,1,7
196392619721900,mit_zero,1,8
196392620360600,mit_zero,0,1
196392621376500,mit_zero,0,2
196392622498300,mit_zero,1,3
196392623571500,mit_zero,1,4
196392624643000,mit_zero,0,5
196392625319300,mit_zero,0,6
196392626512500,mit_zero,1,7
196392627474300,mit_zero,1,8
196392628525900,mit_zero,0,1
196392629580500,mit_zero,0,2
196392630653900,mit_zero,1,3
196392631733300,mit_zero,1,4
196392632322300,mit_zero,0,5
196392633466100,mit_zero,0,6
196392634476000,mit_zero,1,7
196392635481000,mit_zero,1,8
196392636499700,mit_zero,0,1
196392637491200,mit_zero,0,2
196392638572300,mit_zero,1,3
196392639672900,mit_zero,1,4
196392640294000,mit_zero,0,5
196392641316700,mit_zero,0,6
196392642378000,mit_zero,1,7
196392643442500,mit_zero,1,8
196392644533800,mit_zero,0,1
196392645593000,mit_zero,0,2
196392646192000,mit_zero,1,3
196392647195900,mit_zero,1,4
196392648241300,mit_zero,0,5
196392649376400,mit_zero,0,6
196392650575800,mit_zero,1,7
196392651590500,mit_zero,1,8
196392652599300,mit_zero,0,1
196392653184600,mit_zero,0,2
196392654206600,mit_zero,1,3
196392655335600,mit_zero,1,4
196392656541000,mit_zero,0,5
196392657633800,mit_zero,0,6
196392658221100,mit_zero,1,7
196392659223400,mit_zero,1,8
196392660311300,mit_zero,0,1
196392661343400,mit_zero,0,2
196392662412200,mit_zero,1,3
196392663391800,mit_zero,1,4
196392664413000,mit_zero,0,5
196392665398500,mit_zero,0,6
196392666399600,mit_zero,1,7
196392667580200,mit_zero,1,8
196392668216500,mit_zero,0,1
196392669222100,mit_zero,0,2
196392670288500,mit_zero,1,3
196392671371300,mit_zero,1,4
196392672423700,mit_zero,0,5
196392673495000,mit_zero,0,6
196392674601100,mit_zero,1,7
196392675757000,mit_zero,1,8
196392676403100,mit_zero,0,1
196392677405100,mit_zero,0,2
196392678450000,mit_zero,1,3
196392679503000,mit_zero,1,4
196392680587600,mit_zero,0,5
196392681679900,mit_zero,0,6
196392682289900,mit_zero,1,7
196392683351900,mit_zero,1,8
196392684407600,mit_zero,0,1
196392685402900,mit_zero,0,2
196392686419400,mit_zero,1,3
196392687489200,mit_zero,1,4
196392688628700,mit_zero,0,5
196392689243100,mit_zero,0,6
196392690309600,mit_zero,1,7
196392691379300,mit_zero,1,8
196392692576500,mit_zero,0,1
196392693551700,mit_zero,0,2
196392694591200,mit_zero,1,3
196392695170000,mit_zero,1,4
196392696263000,mit_zero,0,5
196392697185400,mit_zero,0,6
196392698203300,mit_zero,1,7
196392699273100,mit_zero,1,8
196392700366800,mit_zero,0,1
196392701490900,mit_zero,0,2
196392702440300,mit_zero,1,3
196392703446100,mit_zero,1,4
196392704468000,mit_zero,0,5
196392705519400,mit_zero,0,6
196392706610500,mit_zero,1,7
196392707189500,mit_zero,1,8
196392708201800,mit_zero,0,1
196392709336500,mit_zero,0,2
196392710448300,mit_zero,1,3
196392711637500,mit_zero,1,4
196392712541100,mit_zero,0,5
196392713607900,mit_zero,0,6
196392714701100,mit_zero,1,7
196392715306800,mit_zero,1,8
196392716312100,mit_zero,0,1
196392717565900,mit_zero,0,2
196392718506800,mit_zero,1,3
196392719655700,mit_zero,1,4
196392720615000,mit_zero,0,5
196392721116400,mit_zero,0,6
196392722120000,mit_zero,1,7
196392723185600,mit_zero,1,8
196392724187800,mit_zero,0,1
196392725317000,mit_zero,0,2
196392726352800,mit_zero,1,3
196392727683000,mit_zero,1,4
196392728541900,mit_zero,0,5
196392729510400,mit_zero,0,6
196392730624300,mit_zero,1,7
196392731598100,mit_zero,1,8
196392732167600,mit_zero,0,1
196392733221700,mit_zero,0,2
196392734294100,mit_zero,1,3
196392735364200,mit_zero,1,4
196392736381400,mit_zero,0,5
196392737485100,mit_zero,0,6
196392738604900,mit_zero,1,7
196392739192800,mit_zero,1,8
196392740195000,mit_zero,0,1
196392741304400,mit_zero,0,2
196392742291700,mit_zero,1,3
196392743531900,mit_zero,1,4
196392744396200,mit_zero,0,5
196392745389400,mit_zero,0,6
196392746394400,mit_zero,1,7
196392747395100,mit_zero,1,8
196392748398600,mit_zero,0,1
196392749468700,mit_zero,0,2
196392750592300,mit_zero,1,3
196392751570300,mit_zero,1,4
196392752901500,mit_zero,0,5
196392753496200,mit_zero,0,6
196392754499300,mit_zero,1,7
196392755503400,mit_zero,1,8
196392756523400,mit_zero,0,1
196392757720400,mit_zero,0,2
196392758513400,mit_zero,1,3
196392759210600,mit_zero,1,4
196392760231500,mit_zero,0,5
196392761225000,mit_zero,0,6
196392762228700,mit_zero,1,7
196392763265100,mit_zero,1,8
196392764316100,mit_zero,0,1
196392765321900,mit_zero,0,2
196392766397400,mit_zero,1,3
196392767568600,mit_zero,1,4
196392768704700,mit_zero,0,5
196392769300200,mit_zero,0,6
196392770382800,mit_zero,1,7
196392771576400,mit_zero,1,8
196392772731200,mit_zero,0,1
196392773344900,mit_zero,0,2
196392774566900,mit_zero,1,3
196392775826900,mit_zero,1,4
196392776495900,mit_zero,0,5
196392777466600,mit_zero,0,6
196392778743600,mit_zero,1,7
196392780384300,mit_zero,1,8
196392781927100,mit_zero,0,1
196392782181500,mit_zero,0,2
196392782235200,mit_zero,1,3
196392783326100,mit_zero,1,4
196392784317400,mit_zero,0,5
196392785396600,mit_zero,0,6
196392786559100,mit_zero,1,7
196392787660000,mit_zero,1,8
196392788171700,mit_zero,0,1
196392789160000,mit_zero,0,2
196392790572700,mit_zero,1,3
196392791542700,mit_zero,1,4
196392792638500,mit_zero,0,5
196392793141900,mit_zero,0,6
196392794154800,mit_zero,1,7
196392795883400,mit_zero,1,8
196392796501000,mit_zero,0,1
196392797500100,mit_zero,0,2
196392798549500,mit_zero,1,3
196392799192700,mit_zero,1,4
196392800220100,mit_zero,0,5
196392801302100,mit_zero,0,6
196392802369200,mit_zero,1,7
196392803415800,mit_zero,1,8
196392804498700,mit_zero,0,1
196392805573600,mit_zero,0,2
196392806769900,mit_zero,1,3
196392807432200,mit_zero,1,4
196392808426600,mit_zero,0,5
196392809475000,mit_zero,0,6
196392810562700,mit_zero,1,7
196392811625900,mit_zero,1,8
196392812219100,mit_zero,0,1
196392813242200,mit_zero,0,2
196392814258000,mit_zero,1,3
196392815335500,mit_zero,1,4
196392816404100,mit_zero,0,5
196392817437400,mit_zero,0,6
196392818585300,mit_zero,1,7
196392819170900,mit_zero,1,8
196392820191900,mit_zero,0,1
196392821255300,mit_zero,0,2
196392822313200,mit_zero,1,3
196392823389500,mit_zero,1,4
196392824405800,mit_zero,0,5
196392825490600,mit_zero,0,6
196392826566100,mit_zero,1,7
196392827580600,mit_zero,1,8
196392828620500,mit_zero,0,1
196392829243800,mit_zero,0,2
196392830263800,mit_zero,1,3
196392831348400,mit_zero,1,4
196392832386000,mit_zero,0,5
196392833464700,mit_zero,0,6
196392834473100,mit_zero,1,7
196392835474300,mit_zero,1,8
196392836564200,mit_zero,0,1
196392837913900,mit_zero,0,2
196392838956400,mit_zero,1,3
196392839541700,mit_zero,1,4
196392840099700,mit_zero,0,5
196392841181400,mit_zero,0,6
196392842171500,mit_zero,1,7
196392843243600,mit_zero,1,8
196392844287300,mit_zero,0,1
196392845447400,mit_zero,0,2
196392846596800,mit_zero,1,3
196392847591800,mit_zero,1,4
196392848187000,mit_zero,0,5
196392849246500,mit_zero,0,6
196392850394500,mit_zero,1,7
196392851530000,mit_zero,1,8
196392852725600,mit_zero,0,1
196392853391900,mit_zero,0,2
196392854316500,mit_zero,1,3
196392855391100,mit_zero,1,4
196392856413800,mit_zero,0,5
196392857780000,mit_zero,0,6
196392858403300,mit_zero,1,7
196392859499400,mit_zero,1,8
196392860561800,mit_zero,0,1
196392861616000,mit_zero,0,2
196392862115300,mit_zero,1,3
196392863134400,mit_zero,1,4
196392864211500,mit_zero,0,5
196392865248900,mit_zero,0,6
196392866334300,mit_zero,1,7
196392867398700,mit_zero,1,8
196392868520000,mit_zero,0,1
196392869858000,mit_zero,0,2
196392870466500,mit_zero,1,3
196392871527100,mit_zero,1,4
196392872480300,mit_zero,0,5
196392873576800,mit_zero,0,6
196392874687700,mit_zero,1,7
196392875331400,mit_zero,1,8
196392876416000,mit_zero,0,1
196392877421200,mit_zero,0,2
196392878501600,mit_zero,1,3
196392879601000,mit_zero,1,4
196392880188700,mit_zero,0,5
196392881210400,mit_zero,0,6
196392882268100,mit_zero,1,7
196392883332500,mit_zero,1,8
196392884609500,mit_zero,0,1
196392885789700,mit_zero,0,2
196392886400000,mit_zero,1,3
196392887401000,mit_zero,1,4
196392888464500,mit_zero,0,5
196392889592200,mit_zero,0,6
196392890688600,mit_zero,1,7
196392891296900,mit_zero,1,8
196392892300700,mit_zero,0,1
196392893430000,mit_zero,0,2
196392894533800,mit_zero,1,3
196392895649300,mit_zero,1,4
196392896263000,mit_zero,0,5
196392897263300,mit_zero,0,6
196392898357700,mit_zero,1,7
196392899494200,mit_zero,1,8
196392900678800,mit_zero,0,1
196392901807600,mit_zero,0,2
196392902431300,mit_zero,1,3
196392903457900,mit_zero,1,4
196392904530200,mit_zero,0,5
196392905585000,mit_zero,0,6
196392906179800,mit_zero,1,7
196392907185400,mit_zero,1,8
196392908278500,mit_zero,0,1
196392909382700,mit_zero,0,2
196392910383700,mit_zero,1,3
196392911548300,mit_zero,1,4
196392912584500,mit_zero,0,5
196392913590600,mit_zero,0,6
196392914611900,mit_zero,1,7
196392915860300,mit_zero,1,8
196392916559600,mit_zero,0,1
196392917522200,mit_zero,0,2
196392918668000,mit_zero,1,3
196392919276000,mit_zero,1,4
196392920323400,mit_zero,0,5
196392921481400,mit_zero,0,6
196392922443000,mit_zero,1,7
196392923510000,mit_zero,1,8
196392924107500,mit_zero,0,1
196392925129700,mit_zero,0,2
196392926192300,mit_zero,1,3
196392927194700,mit_zero,1,4
196392928241100,mit_zero,0,5
196392929300000,mit_zero,0,6
196392930375900,mit_zero,1,7
196392931547400,mit_zero,1,8
196392932675200,mit_zero,0,1
196392933278900,mit_zero,0,2
196392934301100,mit_zero,1,3
196392935380000,mit_zero,1,4
196392936509200,mit_zero,0,5
196392937587400,mit_zero,0,6
196392938172000,mit_zero,1,7
196392939194500,mit_zero,1,8
196392940288200,mit_zero,0,1
196392941279100,mit_zero,0,2
196392942332200,mit_zero,1,3
196392943434500,mit_zero,1,4
196392944489700,mit_zero,0,5
196392945585000,mit_zero,0,6
196392946086900,mit_zero,1,7
196392947152900,mit_zero,1,8
196392948775200,mit_zero,0,1
196392949415900,mit_zero,0,2
196392950486200,mit_zero,1,3
196392951554000,mit_zero,1,4
196392952680100,mit_zero,0,5
196392953296300,mit_zero,0,6
196392954305300,mit_zero,1,7
196392955383900,mit_zero,1,8
196392956487100,mit_zero,0,1
196392957548700,mit_zero,0,2
196392958569000,mit_zero,1,3
196392959678200,mit_zero,1,4
196392960311800,mit_zero,0,5
196392961333700,mit_zero,0,6
196392962436600,mit_zero,1,7
196392963517900,mit_zero,1,8
196392964585300,mit_zero,0,1
196392965761700,mit_zero,0,2
196392966412200,mit_zero,1,3
196392967416500,mit_zero,1,4
196392968527100,mit_zero,0,5
196392969118500,mit_zero,0,6
196392970122200,mit_zero,1,7
196392971184400,mit_zero,1,8
196392972191500,mit_zero,0,1
196392973243300,mit_zero,0,2
196392974244100,mit_zero,1,3
196392975249900,mit_zero,1,4
196392976295600,mit_zero,0,5
196392977420000,mit_zero,0,6
196392978360500,mit_zero,1,7
196392979363600,mit_zero,1,8
196392980405800,mit_zero,0,1
196392981449900,mit_zero,0,2
196392982765900,mit_zero,1,3
196392983449400,mit_zero,1,4
196392984412900,mit_zero,0,5
196392985510700,mit_zero,0,6
196392986547300,mit_zero,1,7
196392987595000,mit_zero,1,8
196392988164600,mit_zero,0,1
196392989167700,mit_zero,0,2
196392990257400,mit_zero,1,3
196392991373300,mit_zero,1,4
196392992359100,mit_zero,0,5
196392993496700,mit_zero,0,6
196392994382700,mit_zero,1,7
196392995385500,mit_zero,1,8
196392996555600,mit_zero,0,1
196392997465600,mit_zero,0,2
196392998600300,mit_zero,1,3
196392999734600,mit_zero,1,4
196393000365100,mit_zero,0,5
196393001389700,mit_zero,0,6
196393002484500,mit_zero,1,7
196393003541000,mit_zero,1,8
196393004654500,mit_zero,0,1
196393005302100,mit_zero,0,2
196393006332600,mit_zero,1,3
196393009551200,mit_zero,1,4
196393009676000,mit_zero,0,5
196393009730600,mit_zero,0,6
196393010552100,mit_zero,1,7
196393011919600,mit_zero,1,8
196393012545500,mit_zero,0,1
196393013551300,mit_zero,0,2
196393014735100,mit_zero,1,3
196393015428200,mit_zero,1,4
196393016387700,mit_zero,0,5
196393017492800,mit_zero,0,6
196393018662700,mit_zero,1,7
196393019303600,mit_zero,1,8
196393020324900,mit_zero,0,1
196393021430400,mit_zero,0,2
196393022460600,mit_zero,1,3
196393023667500,mit_zero,1,4
196393024743300,mit_zero,0,5
196393025231500,mit_zero,0,6
196393026272000,mit_zero,1,7
196393027545100,mit_zero,1,8
196393028563000,mit_zero,0,1
196393029736200,mit_zero,0,2
196393030236000,mit_zero,1,3
196393031262800,mit_zero,1,4
196393032702100,mit_zero,0,5
196393033402300,mit_zero,0,6
196393034516800,mit_zero,1,7
196393035536700,mit_zero,1,8
196393036547600,mit_zero,0,1
196393037674800,mit_zero,0,2
196393038289000,mit_zero,1,3
196393039343900,mit_zero,1,4
196393040458100,mit_zero,0,5
196393041588800,mit_zero,0,6
196393042682500,mit_zero,1,7
196393043270600,mit_zero,1,8
196393044311600,mit_zero,0,1
196393045446500,mit_zero,0,2
196393046613900,mit_zero,1,3
196393047221900,mit_zero,1,4
196393048243200,mit_zero,0,5
196393049403400,mit_zero,0,6
196393050499400,mit_zero,1,7
196393051584900,mit_zero,1,8
196393052167400,mit_zero,0,1
196393053173900,mit_zero,0,2
196393054222000,mit_zero,1,3
196393055448800,mit_zero,1,4
196393056531200,mit_zero,0,5
196393057574000,mit_zero,0,6
196393058723900,mit_zero,1,7
196393059368300,mit_zero,1,8
196393060398000,mit_zero,0,1
196393061735700,mit_zero,0,2
196393062415600,mit_zero,1,3
196393063446700,mit_zero,1,4
196393064431700,mit_zero,0,5
196393065450000,mit_zero,0,6
196393066494000,mit_zero,1,7
196393067605700,mit_zero,1,8
196393068603500,mit_zero,0,1
196393069743400,mit_zero,0,2
196393070357600,mit_zero,1,3
196393071459600,mit_zero,1,4
196393072637100,mit_zero,0,5
196393073870500,mit_zero,0,6
196393074582300,mit_zero,1,7
196393075169800,mit_zero,1,8
196393076172000,mit_zero,0,1
196393077220200,mit_zero,0,2
196393078297800,mit_zero,1,3
196393079424700,mit_zero,1,4
196393080614800,mit_zero,0,5
196393081768700,mit_zero,0,6
196393082342300,mit_zero,1,7
196393083344700,mit_zero,1,8
196393084455700,mit_zero,0,1
196393085533000,mit_zero,0,2
196393086712900,mit_zero,1,3
196393087342000,mit_zero,1,4
196393088342500,mit_zero,0,5
196393089366800,mit_zero,0,6
196393090349400,mit_zero,1,7
196393091372700,mit_zero,1,8
196393092357100,mit_zero,0,1
196393093363900,mit_zero,0,2
196393094386600,mit_zero,1,3
196393095369900,mit_zero,1,4
196393096395700,mit_zero,0,5
196393097383000,mit_zero,0,6
196393098386300,mit_zero,1,7
196393099498400,mit_zero,1,8
196393100587800,mit_zero,0,1
196393101727000,mit_zero,0,2
196393102465000,mit_zero,1,3
196393103339500,mit_zero,1,4
196393104454800,mit_zero,0,5
196393105692900,mit_zero,0,6
196393106480800,mit_zero,1,7
196393107439200,mit_zero,1,8
196393108483200,mit_zero,0,1
196393109448400,mit_zero,0,2
196393110571600,mit_zero,1,3
196393111727800,mit_zero,1,4
196393112325200,mit_zero,0,5
196393113328600,mit_zero,0,6
196393114362900,mit_zero,1,7
196393115477700,mit_zero,1,8
196393116735300,mit_zero,0,1
196393117352000,mit_zero,0,2
196393118441700,mit_zero,1,3
196393119723100,mit_zero,1,4
196393120368400,mit_zero,0,5
196393121409600,mit_zero,0,6
196393122527700,mit_zero,1,7
196393123665900,mit_zero,1,8
196393124312800,mit_zero,0,1
196393125316100,mit_zero,0,2
196393126448300,mit_zero,1,3
196393127512600,mit_zero,1,4
196393128853700,mit_zero,0,5
196393129477600,mit_zero,0,6
196393130518400,mit_zero,1,7
196393131709600,mit_zero,1,8
196393132341500,mit_zero,0,1
196393133437500,mit_zero,0,2
196393134482100,mit_zero,1,3
196393135526900,mit_zero,1,4
196393136763000,mit_zero,0,5
196393137377700,mit_zero,0,6
196393138379900,mit_zero,1,7
196393139471700,mit_zero,1,8
196393140630300,mit_zero,0,1
196393141767800,mit_zero,0,2
196393142404700,mit_zero,1,3
196393143410400,mit_zero,1,4
196393144537400,mit_zero,0,5
196393145720300,mit_zero,0,6
196393146381700,mit_zero,1,7
196393147390800,mit_zero,1,8
196393148631400,mit_zero,0,1
196393149741800,mit_zero,0,2
196393150363400,mit_zero,1,3
196393151393800,mit_zero,1,4
196393152564500,mit_zero,0,5
196393153567300,mit_zero,0,6
196393154755700,mit_zero,1,7
196393155385100,mit_zero,1,8
196393156426400,mit_zero,0,1
196393157477800,mit_zero,0,2
196393158594800,mit_zero,1,3
196393159814000,mit_zero,1,4
196393160452200,mit_zero,0,5
196393161475700,mit_zero,0,6
196393162482800,mit_zero,1,7
196393163809500,mit_zero,1,8
196393164489200,mit_zero,0,1
196393165493600,mit_zero,0,2
196393166601500,mit_zero,1,3
196393167101300,mit_zero,1,4
196393168112000,mit_zero,0,5
196393169248600,mit_zero,0,6
196393170388500,mit_zero,1,7
196393171526500,mit_zero,1,8
196393172595400,mit_zero,0,1
196393173595900,mit_zero,0,2
196393174894600,mit_zero,1,3
196393175540900,mit_zero,1,4
196393176547200,mit_zero,0,5
196393177566200,mit_zero,0,6
196393178680800,mit_zero,1,7
196393179363500,mit_zero,1,8
196393180298700,mit_zero,0,1
196393181397700,mit_zero,0,2
196393182441900,mit_zero,1,3
196393183545600,mit_zero,1,4
196393184549600,mit_zero,0,5
196393185551600,mit_zero,0,6
196393186580400,mit_zero,1,7
196393187176500,mit_zero,1,8
196393188182300,mit_zero,0,1
196393189186100,mit_zero,0,2
196393190189300,mit_zero,1,3
196393191193600,mit_zero,1,4
196393192202100,mit_zero,0,5
196393193285500,mit_zero,0,6
196393194288500,mit_zero,1,7
196393195366500,mit_zero,1,8
196393196508400,mit_zero,0,1
196393197514800,mit_zero,0,2
196393198516600,mit_zero,1,3
196393199549400,mit_zero,1,4
196393200939600,mit_zero,0,5
196393201552100,mit_zero,0,6
196393202553300,mit_zero,1,7
196393203668800,mit_zero,1,8
196393204297600,mit_zero,0,1
196393205319700,mit_zero,0,2
196393206455500,mit_zero,1,3
196393207482800,mit_zero,1,4
196393208667300,mit_zero,0,5
196393209275300,mit_zero,0,6
196393210305000,mit_zero,1,7
196393211538900,mit_zero,1,8
196393212610200,mit_zero,0,1
196393213769600,mit_zero,0,2
196393214433800,mit_zero,1,3
196393215436600,mit_zero,1,4
196393216574100,mit_zero,0,5
196393217743900,mit_zero,0,6
196393218375200,mit_zero,1,7
196393219420700,mit_zero,1,8
196393220601900,mit_zero,0,1
196393221727900,mit_zero,0,2
196393222229900,mit_zero,1,3
196393223252900,mit_zero,1,4
196393224356800,mit_zero,0,5
196393225484200,mit_zero,0,6
196393226738400,mit_zero,1,7
196393227371800,mit_zero,1,8
196393228374400,mit_zero,0,1
196393229491100,mit_zero,0,2
196393230548700,mit_zero,1,3
196393231682500,mit_zero,1,4
196393232288200,mit_zero,0,5
196393233307400,mit_zero,0,6
196393234440100,mit_zero,1,7
196393235637200,mit_zero,1,8
196393236752600,mit_zero,0,1
196393237351300,mit_zero,0,2
196393238375200,mit_zero,1,3
196393239473700,mit_zero,1,4
196393240625100,mit_zero,0,5
196393241833100,mit_zero,0,6
196393242508100,mit_zero,1,7
196393243529700,mit_zero,1,8
196393244650300,mit_zero,0,1
196393245282100,mit_zero,0,2
196393246264000,mit_zero,1,3
196393247343900,mit_zero,1,4
196393248464100,mit_zero,0,5
196393249594700,mit_zero,0,6
196393250787800,mit_zero,1,7
196393251389400,mit_zero,1,8
196393252395400,mit_zero,0,1
196393253505800,mit_zero,0,2
196393254646700,mit_zero,1,3
196393255261300,mit_zero,1,4
196393256263500,mit_zero,0,5
196393257422100,mit_zero,0,6
196393258455100,mit_zero,1,7
196393259508500,mit_zero,1,8
196393260510300,mit_zero,0,1
196393261537400,mit_zero,0,2
196393262606500,mit_zero,1,3
196393263105100,mit_zero,1,4
196393264150800,mit_zero,0,5
196393265138900,mit_zero,0,6
196393266153700,mit_zero,1,7
196393267285400,mit_zero,1,8
196393268306600,mit_zero,0,1
196393269424600,mit_zero,0,2
196393270435500,mit_zero,1,3
196393271677500,mit_zero,1,4
196393272289400,mit_zero,0,5
196393273371700,mit_zero,0,6
196393274438100,mit_zero,1,7
196393275632900,mit_zero,1,8
196393276149800,mit_zero,0,1
196393277228800,mit_zero,0,2
196393278251400,mit_zero,1,3
196393279269300,mit_zero,1,4
196393280290700,mit_zero,0,5
196393281336200,mit_zero,0,6
196393282364200,mit_zero,1,7
196393283387100,mit_zero,1,8
196393284407600,mit_zero,0,1
196393285442000,mit_zero,0,2
196393286462700,mit_zero,1,3
196393287094600,mit_zero,1,4
196393288118700,mit_zero,0,5
196393289884100,mit_zero,0,6
196393290508900,mit_zero,1,7
196393291522100,mit_zero,1,8
196393292641800,mit_zero,0,1
196393293272800,mit_zero,0,2
196393294274100,mit_zero,1,3
196393295409500,mit_zero,1,4
196393296430800,mit_zero,0,5
196393297457000,mit_zero,0,6
196393298445200,mit_zero,1,7
196393299619800,mit_zero,1,8
196393300808700,mit_zero,0,1
196393301517000,mit_zero,0,2
196393302521700,mit_zero,1,3
196393303716400,mit_zero,1,4
196393304351700,mit_zero,0,5
196393305425900,mit_zero,0,6
196393306366900,mit_zero,1,7
196393307373100,mit_zero,1,8
196393308380400,mit_zero,0,1
196393309388900,mit_zero,0,2
196393310393700,mit_zero,1,3
196393311416800,mit_zero,1,4
196393312411300,mit_zero,0,5
196393313419600,mit_zero,0,6
196393314510300,mit_zero,1,7
196393315543700,mit_zero,1,8
196393316561500,mit_zero,0,1
196393317569100,mit_zero,0,2
196393318578000,mit_zero,1,3
196393320003100,mit_zero,1,4
196393320200700,mit_zero,0,5
196393321425400,mit_zero,0,6
196393322357400,mit_zero,1,7
196393323361400,mit_zero,1,8
196393324391100,mit_zero,0,1
196393325388400,mit_zero,0,2
196393326391800,mit_zero,1,3
196393327491400,mit_zero,1,4
196393328493200,mit_zero,0,5
196393329499200,mit_zero,0,6
196393330515800,mit_zero,1,7
196393331608500,mit_zero,1,8
196393332508900,mit_zero,0,1
196393333513000,mit_zero,0,2
196393334513500,mit_zero,1,3
196393335518100,mit_zero,1,4
196393336523400,mit_zero,0,5
196393337528800,mit_zero,0,6
196393338529700,mit_zero,1,7
196393339559300,mit_zero,1,8
196393340549000,mit_zero,0,1
196393341555300,mit_zero,0,2
196393342683500,mit_zero,1,3
196393343338700,mit_zero,1,4
196393344343100,mit_zero,0,5
196393345366000,mit_zero,0,6
196393346387600,mit_zero,1,7
196393347487500,mit_zero,1,8
196393348516300,mit_zero,0,1
196393349519800,mit_zero,0,2
196393350522400,mit_zero,1,3
196393351627200,mit_zero,1,4
196393352529700,mit_zero,0,5
196393353532700,mit_zero,0,6
196393354662400,mit_zero,1,7
196393355297700,mit_zero,1,8
196393356300300,mit_zero,0,1
196393357610200,mit_zero,0,2
196393358380700,mit_zero,1,3
196393359383300,mit_zero,1,4
196393360387300,mit_zero,0,5
196393361544600,mit_zero,0,6
196393362401300,mit_zero,1,7
196393363402200,mit_zero,1,8
196393364440300,mit_zero,0,1
196393365419100,mit_zero,0,2
196393366625400,mit_zero,1,3
196393367379900,mit_zero,1,4
196393368261900,mit_zero,0,5
196393369372800,mit_zero,0,6
196393370511700,mit_zero,1,7
196393371529500,mit_zero,1,8
196393372705300,mit_zero,0,1
196393373407200,mit_zero,0,2
196393374451600,mit_zero,1,3
196393375579400,mit_zero,1,4
196393376718500,mit_zero,0,5
196393377304200,mit_zero,0,6
196393378336000,mit_zero,1,7
196393379478700,mit_zero,1,8
196393380532500,mit_zero,0,1
196393381525700,mit_zero,0,2
196393382620700,mit_zero,1,3
196393383540200,mit_zero,1,4
196393384565600,mit_zero,0,5
196393385705000,mit_zero,0,6
196393386331500,mit_zero,1,7
196393387342500,mit_zero,1,8
196393388522900,mit_zero,0,1
196393389521400,mit_zero,0,2
196393390521900,mit_zero,1,3
196393391529700,mit_zero,1,4
196393392529000,mit_zero,0,5
196393393529500,mit_zero,0,6
196393394532500,mit_zero,1,7
196393395582300,mit_zero,1,8
196393396708300,mit_zero,0,1
196393397321200,mit_zero,0,2
196393398398300,mit_zero,1,3
196393399477500,mit_zero,1,4
196393400498200,mit_zero,0,5
196393401495800,mit_zero,0,6
196393402594000,mit_zero,1,7
196393403200900,mit_zero,1,8
196393404207000,mit_zero,0,1
196393405287400,mit_zero,0,2
196393406497600,mit_zero,1,3
196393407452400,mit_zero,1,4
196393408801300,mit_zero,0,5
196393409396200,mit_zero,0,6
196393410408800,mit_zero,1,7
196393411512300,mit_zero,1,8
196393412657700,mit_zero,0,1
196393413241900,mit_zero,0,2
196393414354400,mit_zero,1,3
196393415553300,mit_zero,1,4
196393416587200,mit_zero,0,5
196393417676500,mit_zero,0,6
196393418308600,mit_zero,1,7
196393419318100,mit_zero,1,8
196393420464900,mit_zero,0,1
196393421609800,mit_zero,0,2
196393422072100,mit_zero,1,3
196393423681400,mit_zero,1,4
196393424329300,mit_zero,0,5
196393425353700,mit_zero,0,6
196393426345200,mit_zero,1,7
196393427348300,mit_zero,1,8
196393428461400,mit_zero,0,1
196393429643000,mit_zero,0,2
196393430819600,mit_zero,1,3
196393431524800,mit_zero,1,4
196393432437300,mit_zero,0,5
196393433610700,mit_zero,0,6
196393434743900,mit_zero,1,7
196393435347800,mit_zero,1,8
196393436355900,mit_zero,0,1
196393437367500,mit_zero,0,2
196393438470400,mit_zero,1,3
196393439622600,mit_zero,1,4
196393440766000,mit_zero,0,5
196393441375200,mit_zero,0,6
196393442382900,mit_zero,1,7
196393443382900,mit_zero,1,8
196393444388700,mit_zero,0,1
196393445923700,mit_zero,0,2
196393446952800,mit_zero,1,3
196393447607100,mit_zero,1,4
196393448210400,mit_zero,0,5
196393449223400,mit_zero,0,6
196393450339800,mit_zero,1,7
196393451545800,mit_zero,1,8
196393452277200,mit_zero,0,1
196393453284400,mit_zero,0,2
196393454379600,mit_zero,1,3
196393455516800,mit_zero,1,4
196393456689300,mit_zero,0,5
196393457327500,mit_zero,0,6
196393458333700,mit_zero,1,7
196393459604800,mit_zero,1,8
196393460611400,mit_zero,0,1
196393461201500,mit_zero,0,2
196393462897700,mit_zero,1,3
196393463501700,mit_zero,1,4
196393464505900,mit_zero,0,5
196393465527500,mit_zero,0,6
196393466596600,mit_zero,1,7
196393467534800,mit_zero,1,8
196393468614200,mit_zero,0,1
196393469114700,mit_zero,0,2
196393470123900,mit_zero,1,3
196393471127100,mit_zero,1,4
196393472129300,mit_zero,0,5
196393473131300,mit_zero,0,6
196393474132300,mit_zero,1,7
196393475133700,mit_zero,1,8
196393476139900,mit_zero,0,1
196393477143000,mit_zero,0,2
196393478166500,mit_zero,1,3
196393479269200,mit_zero,1,4
196393480272200,mit_zero,0,5
196393481280300,mit_zero,0,6
196393482284500,mit_zero,1,7
196393483294000,mit_zero,1,8
196393484296600,mit_zero,0,1
196393485303700,mit_zero,0,2
196393486304800,mit_zero,1,3
196393487307400,mit_zero,1,4
196393488313500,mit_zero,0,5
196393489344100,mit_zero,0,6
196393490452400,mit_zero,1,7
196393491593700,mit_zero,1,8
196393492253100,mit_zero,0,1
196393493177000,mit_zero,0,2
196393494244400,mit_zero,1,3
196393495251000,mit_zero,1,4
196393496255700,mit_zero,0,5
196393497292600,mit_zero,0,6
196393498369100,mit_zero,1,7
196393499477400,mit_zero,1,8
196393500570700,mit_zero,0,1
196393501682000,mit_zero,0,2
196393502310900,mit_zero,1,3
196393503311500,mit_zero,1,4
196393504452000,mit_zero,0,5
196393505623600,mit_zero,0,6
196393506240200,mit_zero,1,7
196393507307300,mit_zero,1,8
196393508410500,mit_zero,0,1
196393509389100,mit_zero,0,2
196393510394600,mit_zero,1,3
196393511466900,mit_zero,1,4
196393512402400,mit_zero,0,5
196393513540700,mit_zero,0,6
196393514551500,mit_zero,1,7
196393515548100,mit_zero,1,8
196393516612300,mit_zero,0,1
196393517559200,mit_zero,0,2
196393518687200,mit_zero,1,3
196393519315900,mit_zero,1,4
196393520318800,mit_zero,0,5
196393521325700,mit_zero,0,6
196393522337600,mit_zero,1,7
196393523482100,mit_zero,1,8
196393524374900,mit_zero,0,1
196393525378800,mit_zero,0,2
196393526559500,mit_zero,1,3
196393527710000,mit_zero,1,4
196393528300400,mit_zero,0,5
196393529330100,mit_zero,0,6
196393530473300,mit_zero,1,7
196393531602000,mit_zero,1,8
196393532210400,mit_zero,0,1
196393533213900,mit_zero,0,2
196393534237800,mit_zero,1,3
196393535356200,mit_zero,1,4
196393536651300,mit_zero,0,5
196393537245600,mit_zero,0,6
196393538265400,mit_zero,1,7
196393539496000,mit_zero,1,8
196393540284600,mit_zero,0,1
196393541290100,mit_zero,0,2
196393542391200,mit_zero,1,3
196393543400400,mit_zero,1,4
196393544408900,mit_zero,0,5
196393545413700,mit_zero,0,6
196393546536100,mit_zero,1,7
196393547679600,mit_zero,1,8
196393548318900,mit_zero,0,1
196393549332200,mit_zero,0,2
196393550337300,mit_zero,1,3
196393551339000,mit_zero,1,4
196393552406800,mit_zero,0,5
196393553414300,mit_zero,0,6
196393554415700,mit_zero,1,7
196393555422000,mit_zero,1,8
196393556457400,mit_zero,0,1
196393557677300,mit_zero,0,2
196393558308200,mit_zero,1,3
196393559308900,mit_zero,1,4
196393560446900,mit_zero,0,5
196393561635800,mit_zero,0,6
196393562215400,mit_zero,1,7
196393563225100,mit_zero,1,8
196393564227000,mit_zero,0,1
196393565234300,mit_zero,0,2
196393566317700,mit_zero,1,3
196393567400000,mit_zero,1,4
196393568503300,mit_zero,0,5
196393569586100,mit_zero,0,6
196393570613700,mit_zero,1,7
196393571608100,mit_zero,1,8
196393572082100,mit_zero,0,1
196393573087300,mit_zero,0,2
196393574194400,mit_zero,1,3
196393575196400,mit_zero,1,4
196393576211500,mit_zero,0,5
196393577271500,mit_zero,0,6
196393578335100,mit_zero,1,7
196393579434000,mit_zero,1,8
196393580495600,mit_zero,0,1
196393581589600,mit_zero,0,2
196393582697300,mit_zero,1,3
196393583324000,mit_zero,1,4
196393584308900,mit_zero,0,5
196393585484600,mit_zero,0,6
196393586713200,mit_zero,1,7
196393587342700,mit_zero,1,8
196393588341300,mit_zero,0,1
196393589396200,mit_zero,0,2
196393590478600,mit_zero,1,3
196393591590700,mit_zero,1,4
196393592565800,mit_zero,0,5
196393593566100,mit_zero,0,6
196393594566400,mit_zero,1,7
196393595568200,mit_zero,1,8
196393596069600,mit_zero,0,1
196393597668600,mit_zero,0,2
196393598339800,mit_zero,1,3
196393599367400,mit_zero,1,4
196393600424800,mit_zero,0,5
196393601362900,mit_zero,0,6
196393602413100,mit_zero,1,7
196393603487600,mit_zero,1,8
196393604499200,mit_zero,0,1
196393605507200,mit_zero,0,2
196393606614400,mit_zero,1,3
196393607622400,mit_zero,1,4
196393608117700,mit_zero,0,5
196393609138300,mit_zero,0,6
196393610132000,mit_zero,1,7
196393611152500,mit_zero,1,8
196393612151600,mit_zero,0,1
196393613180400,mit_zero,0,2
196393614185000,mit_zero,1,3
196393615204800,mit_zero,1,4
196393616211500,mit_zero,0,5
196393617196900,mit_zero,0,6
196393618203900,mit_zero,1,7
196393619255300,mit_zero,1,8
196393620218300,mit_zero,0,1
196393621249100,mit_zero,0,2
196393622236900,mit_zero,1,3
196393623257500,mit_zero,1,4
196393624251800,mit_zero,0,5
196393625273200,mit_zero,0,6
196393626267100,mit_zero,1,7
196393627271300,mit_zero,1,8
196393628387400,mit_zero,0,1
196393629442200,mit_zero,0,2
196393630444300,mit_zero,1,3
196393631522300,mit_zero,1,4
196393632464900,mit_zero,0,5
196393633483800,mit_zero,0,6
196393634498100,mit_zero,1,7
196393635496300,mit_zero,1,8
196393636504400,mit_zero,0,1
196393638066600,mit_zero,0,2
196393638167200,mit_zero,1,3
196393639804800,mit_zero,1,4
196393640395300,mit_zero,0,5
196393641396000,mit_zero,0,6
196393642706600,mit_zero,1,7
196393643350000,mit_zero,1,8
196393644350800,mit_zero,0,1
196393645357600,mit_zero,0,2
196393646378500,mit_zero,1,3
196393647424400,mit_zero,1,4
196393648378500,mit_zero,0,5
196393649399600,mit_zero,0,6
196393650434000,mit_zero,1,7
196393651420200,mit_zero,1,8
196393652913600,mit_zero,0,1
196393653535000,mit_zero,0,2
196393654577100,mit_zero,1,3
196393655549100,mit_zero,1,4
196393656574400,mit_zero,0,5
196393657566100,mit_zero,0,6
196393658569500,mit_zero,1,7
196393659689500,mit_zero,1,8
196393660307700,mit_zero,0,1
196393661314400,mit_zero,0,2
196393662431600,mit_zero,1,3
196393663377700,mit_zero,1,4
196393664377600,mit_zero,0,5
196393665482400,mit_zero,0,6
196393666578800,mit_zero,1,7
196393667781100,mit_zero,1,8
196393668363200,mit_zero,0,1
196393669370200,mit_zero,0,2
196393670413000,mit_zero,1,3
196393671573000,mit_zero,1,4
196393672679000,mit_zero,0,5
196393673306200,mit_zero,0,6
196393674292200,mit_zero,1,7
196393675353700,mit_zero,1,8
196393676356100,mit_zero,0,1
196393677363600,mit_zero,0,2
196393679461500,mit_zero,1,3
196393679568600,mit_zero,1,4
196393680467800,mit_zero,0,5
196393681522500,mit_zero,0,6
196393682668800,mit_zero,1,7
196393683284000,mit_zero,1,8
196393684287500,mit_zero,0,1
196393685399600,mit_zero,0,2
196393686655000,mit_zero,1,3
196393687245700,mit_zero,1,4
196393688287200,mit_zero,0,5
196393689427800,mit_zero,0,6
196393690538500,mit_zero,1,7
196393691595500,mit_zero,1,8
196393692174500,mit_zero,0,1
196393693175100,mit_zero,0,2
196393694293000,mit_zero,1,3
196393695369900,mit_zero,1,4
196393696376200,mit_zero,0,5
196393697379200,mit_zero,0,6
196393698446300,mit_zero,1,7
196393699500200,mit_zero,1,8
196393700518100,mit_zero,0,1
196393701583400,mit_zero,0,2
196393702675400,mit_zero,1,3
196393703290600,mit_zero,1,4
196393704292200,mit_zero,0,5
196393705364200,mit_zero,0,6
196393706445300,mit_zero,1,7
196393707827200,mit_zero,1,8
196393708441000,mit_zero,0,1
196393709518500,mit_zero,0,2
196393710684900,mit_zero,1,3
196393711307300,mit_zero,1,4
196393712310800,mit_zero,0,5
196393713402000,mit_zero,0,6
196393714496000,mit_zero,1,7
196393715567700,mit_zero,1,8
196393716682500,mit_zero,0,1
196393717316000,mit_zero,0,2
196393718385800,mit_zero,1,3
196393719411100,mit_zero,1,4
196393720498700,mit_zero,0,5
196393721582800,mit_zero,0,6
196393722840900,mit_zero,1,7
196393723425600,mit_zero,1,8
196393724433100,mit_zero,0,1
196393725879900,mit_zero,0,2
196393726742200,mit_zero,1,3
196393727362000,mit_zero,1,4
196393728360000,mit_zero,0,5
196393729457400,mit_zero,0,6
196393730553600,mit_zero,1,7
196393731692600,mit_zero,1,8
196393732332200,mit_zero,0,1
196393733337900,mit_zero,0,2
196393734344400,mit_zero,1,3
196393735347300,mit_zero,1,4
196393736473300,mit_zero,0,5
196393737683600,mit_zero,0,6
196393738351900,mit_zero,1,7
196393739382700,mit_zero,1,8
196393740815900,mit_zero,0,1
196393741856700,mit_zero,0,2
196393742497700,mit_zero,1,3
196393743491700,mit_zero,1,4
196393744547000,mit_zero,0,5
196393745978000,mit_zero,0,6
196393746598800,mit_zero,1,7
196393747596200,mit_zero,1,8
196393748815400,mit_zero,0,1
196393749464300,mit_zero,0,2
196393750486000,mit_zero,1,3
196393751605800,mit_zero,1,4
196393752695500,mit_zero,0,5
196393753697100,mit_zero,0,6
196393754348800,mit_zero,1,7
196393755351200,mit_zero,1,8
196393756551600,mit_zero,0,1
196393757405100,mit_zero,0,2
196393758410200,mit_zero,1,3
196393759525400,mit_zero,1,4
196393760645100,mit_zero,0,5
196393761210700,mit_zero,0,6
196393762223300,mit_zero,1,7
196393763404900,mit_zero,1,8
196393764550000,mit_zero,0,1
196393765680400,mit_zero,0,2
196393766291400,mit_zero,1,3
196393767297300,mit_zero,1,4
196393768412100,mit_zero,0,5
196393769502400,mit_zero,0,6
196393770666600,mit_zero,1,7
196393771903800,mit_zero,1,8
196393772636300,mit_zero,0,1
196393773260500,mit_zero,0,2
196393774261100,mit_zero,1,3
196393775266100,mit_zero,1,4
196393776271800,mit_zero,0,5
196393777480600,mit_zero,0,6
196393778504600,mit_zero,1,7
196393779494200,mit_zero,1,8
196393780516000,mit_zero,0,1
196393781532200,mit_zero,0,2
196393782514500,mit_zero,1,3
196393783676400,mit_zero,1,4
196393784327800,mit_zero,0,5
196393785357300,mit_zero,0,6
196393786562500,mit_zero,1,7
196393787562500,mit_zero,1,8
196393788803100,mit_zero,0,1
196393789414800,mit_zero,0,2
196393790414100,mit_zero,1,3
196393791584600,mit_zero,1,4
196393792586900,mit_zero,0,5
196393793599500,mit_zero,0,6
196393794727600,mit_zero,1,7
196393795342000,mit_zero,1,8
196393796348100,mit_zero,0,1
196393797944500,mit_zero,0,2
196393798565400,mit_zero,1,3
196393799569000,mit_zero,1,4
196393800724200,mit_zero,0,5
196393801359400,mit_zero,0,6
196393802367200,mit_zero,1,7
196393803479700,mit_zero,1,8
196393804558800,mit_zero,0,1
196393805563200,mit_zero,0,2
196393806585900,mit_zero,1,3
196393807182900,mit_zero,1,4
196393808208300,mit_zero,0,5
196393809199300,mit_zero,0,6
196393810221300,mit_zero,1,7
196393811218600,mit_zero,1,8
196393812230300,mit_zero,0,1
196393815674300,mit_zero,0,2
196393816775600,mit_zero,1,3
196393816978000,mit_zero,1,4
196393817587600,mit_zero,0,5
196393817955800,mit_zero,0,6
196393818946100,mit_zero,1,7
196393819685700,mit_zero,1,8
196393820897100,mit_zero,0,1
196393821564200,mit_zero,0,2
196393822796100,mit_zero,1,3
196393823743600,mit_zero,1,4
196393824479500,mit_zero,0,5
196393825548400,mit_zero,0,6
196393826485500,mit_zero,1,7
196393827493800,mit_zero,1,8
196393828498400,mit_zero,0,1
196393829503000,mit_zero,0,2
196393830707100,mit_zero,1,3
196393831646300,mit_zero,1,4
196393832361300,mit_zero,0,5
196393833364400,mit_zero,0,6
196393834475000,mit_zero,1,7
196393835399000,mit_zero,1,8
196393836386700,mit_zero,0,1
196393837399200,mit_zero,0,2
196393838400300,mit_zero,1,3
196393839401900,mit_zero,1,4
196393840510600,mit_zero,0,5
196393841526500,mit_zero,0,6
196393842527100,mit_zero,1,7
196393843530400,mit_zero,1,8
196393844538400,mit_zero,0,1
196393845539600,mit_zero,0,2
196393846545700,mit_zero,1,3
196393847543200,mit_zero,1,4
196393848546300,mit_zero,0,5
196393849646800,mit_zero,0,6
196393850549800,mit_zero,1,7
196393851772600,mit_zero,1,8
196393852374600,mit_zero,0,1
196393853382200,mit_zero,0,2
196393854531900,mit_zero,1,3
196393855536600,mit_zero,1,4
196393856610900,mit_zero,0,5
196393857113700,mit_zero,0,6
196393858113700,mit_zero,1,7
196393859202100,mit_zero,1,8
196393860277200,mit_zero,0,1
196393861557300,mit_zero,0,2
196393862188800,mit_zero,1,3
196393863189500,mit_zero,1,4
196393864286300,mit_zero,0,5
196393865377100,mit_zero,0,6
196393866569000,mit_zero,1,7
196393867466700,mit_zero,1,8
196393868615600,mit_zero,0,1
196393869692500,mit_zero,0,2
196393870423400,mit_zero,1,3
196393871435900,mit_zero,1,4
196393872440800,mit_zero,0,5
196393873699200,mit_zero,0,6
196393874306200,mit_zero,1,7
196393875308400,mit_zero,1,8
196393876380100,mit_zero,0,1
196393877555100,mit_zero,0,2
196393878553000,mit_zero,1,3
196393879571500,mit_zero,1,4
196393880655800,mit_zero,0,5
196393881584300,mit_zero,0,6
196393882837100,mit_zero,1,7
196393883454100,mit_zero,1,8
196393884459800,mit_zero,0,1
196393885464400,mit_zero,0,2
196393886471900,mit_zero,1,3
196393887469300,mit_zero,1,4
196393888469800,mit_zero,0,5
196393889470500,mit_zero,0,6
196393890477200,mit_zero,1,7
196393891484800,mit_zero,1,8
196393892489800,mit_zero,0,1
196393893560700,mit_zero,0,2
196393894578000,mit_zero,1,3
196393895614500,mit_zero,1,4
196393896269400,mit_zero,0,5
196393897210000,mit_zero,0,6
196393898357500,mit_zero,1,7
196393899345700,mit_zero,1,8
196393900788100,mit_zero,0,1
196393901444000,mit_zero,0,2
196393902444000,mit_zero,1,3
196393903836800,mit_zero,1,4
196393904427800,mit_zero,0,5
196393905430400,mit_zero,0,6
196393906596200,mit_zero,1,7
196393907758500,mit_zero,1,8
196393908390800,mit_zero,0,1
196393909414000,mit_zero,0,2
196393910535900,mit_zero,1,3
196393911721200,mit_zero,1,4
196393912660500,mit_zero,0,5
196393913180600,mit_zero,0,6
196393914163100,mit_zero,1,7
196393915246700,mit_zero,1,8
196393916399600,mit_zero,0,1
196393917541700,mit_zero,0,2
196393918669100,mit_zero,1,3
196393919286200,mit_zero,1,4
196393920291200,mit_zero,0,5
196393921292600,mit_zero,0,6
196393922295200,mit_zero,1,7
196393923350000,mit_zero,1,8
196393924480000,mit_zero,0,1
196393925468700,mit_zero,0,2
196393926528200,mit_zero,1,3
196393927723800,mit_zero,1,4
196393928358800,mit_zero,0,5
196393929368400,mit_zero,0,6
196393930359700,mit_zero,1,7
196393931402800,mit_zero,1,8
196393932566100,mit_zero,0,1
196393933538800,mit_zero,0,2
196393934562600,mit_zero,1,3
196393935777500,mit_zero,1,4
196393936486700,mit_zero,0,5
196393937435800,mit_zero,0,6
196393938482800,mit_zero,1,7
196393939537100,mit_zero,1,8
196393940831300,mit_zero,0,1
196393941487100,mit_zero,0,2
196393942463100,mit_zero,1,3
196393943457100,mit_zero,1,4
196393944701200,mit_zero,0,5
196393945482600,mit_zero,0,6
196393946497500,mit_zero,1,7
196393947492000,mit_zero,1,8
196393948491400,mit_zero,0,1
196393949657800,mit_zero,0,2
196393950312700,mit_zero,1,3
196393951312900,mit_zero,1,4
196393952316100,mit_zero,0,5
196393953336800,mit_zero,0,6
196393954332000,mit_zero,1,7
196393955335100,mit_zero,1,8
196393956741700,mit_zero,0,1
196393957333600,mit_zero,0,2
196393958412400,mit_zero,1,3
196393959484900,mit_zero,1,4
196393960487500,mit_zero,0,5
196393961513300,mit_zero,0,6
196393962501700,mit_zero,1,7
196393963522300,mit_zero,1,8
196393964515700,mit_zero,0,1
196393965546500,mit_zero,0,2
196393966531600,mit_zero,1,3
196393967553300,mit_zero,1,4
196393968548200,mit_zero,0,5
196393969568600,mit_zero,0,6
196393970561100,mit_zero,1,7
196393971587800,mit_zero,1,8
196393972576300,mit_zero,0,1
196393973674500,mit_zero,0,2
196393974600200,mit_zero,1,3
196393975204200,mit_zero,1,4
196393976207200,mit_zero,0,5
196393977209000,mit_zero,0,6
196393978231500,mit_zero,1,7
196393979223400,mit_zero,1,8
196393980237900,mit_zero,0,1
196393981240200,mit_zero,0,2
196393982266200,mit_zero,1,3
196393983271200,mit_zero,1,4
196393984249100,mit_zero,0,5
196393985520600,mit_zero,0,6
196393986553600,mit_zero,1,7
196393987700500,mit_zero,1,8
196393988299800,mit_zero,0,1
196393989438800,mit_zero,0,2
196393990809100,mit_zero,1,3
196393991434200,mit_zero,1,4
196393992445200,mit_zero,0,5
196393993449200,mit_zero,0,6
196393994453900,mit_zero,1,7
196393995896000,mit_zero,1,8
196393996551600,mit_zero,0,1
196393997557100,mit_zero,0,2
196393998555000,mit_zero,1,3
196393999578600,mit_zero,1,4
196394000559200,mit_zero,0,5
196394001563600,mit_zero,0,6
196394002576200,mit_zero,1,7
196394003644200,mit_zero,1,8
196394004080200,mit_zero,0,1
196394005173100,mit_zero,0,2
196394006593900,mit_zero,1,3
196394007596200,mit_zero,1,4
196394008201100,mit_zero,0,5
196394009231000,mit_zero,0,6
196394010339400,mit_zero,1,7
196394011344600,mit_zero,1,8
196394012347800,mit_zero,0,1
196394013350200,mit_zero,0,2
196394014351100,mit_zero,1,3
196394015376000,mit_zero,1,4
196394016361200,mit_zero,0,5
196394017363500,mit_zero,0,6
196394018370000,mit_zero,1,7
196394019372600,mit_zero,1,8
196394020549500,mit_zero,0,1
196394021685700,mit_zero,0,2
196394022305300,mit_zero,1,3
196394023308100,mit_zero,1,4
196394024445400,mit_zero,0,5
196394025575500,mit_zero,0,6
196394026691700,mit_zero,1,7
196394027195300,mit_zero,1,8
